{
  "app lebels start" :"----------------------------------------------------",		
  "label.systemid": "系统识别 :",
  "label.loanofficer" : "信贷员 :",

  "label.change.language" : "更改语言:",
  "label.username" : "用户名",
  "label.password" : "密码",
  "label.signin":"登录以",
  "label.systemid": "系统ID :",
  "label.loanofficer" : "信贷员 :",
  "label.product.name" : "Billing X",
  "label.product.version" : "版本 1.6.3",
  "label.product.status" : "BillingX 是否为最新",
  "label.product.aboutus1" : "BillingX 就是 而设计 由 ",
  "label.product.aboutus2" : "全球社区",
  "label.product.aboutus3" : "最穷的，尤其是妇女一起工作，获得金融服务的访问。",
  "label.get.involved1" : "听起来有趣吗？",
  "label.get.involved2" : "齐来参与！",
  "label.community.name" : "COSM",
  "label.resources" : "资源",
  "label.usermanual" : "用户手册",
  "label.functional.spec" : "功能规格",
  "label.faq" : "FAQ",
  "label.community" : "社区",
  "label.users.group" : "用户组",
  "label.developer.group" : "开发者组",
  "label.product.irc" : "IRC",
  "label.product.news" : "新闻和事件",
  "error.login.failed":"请再试一次，你的凭据无效",

  "link.home" : "家",
  "link.tasks" : "任务",
  "link.clients" : "客户端",
  "link.accounting": "会计",
  "link.reports" : "报告",
  "link.products" : "产品",
  "link.admin" : "管理员",
  "link.clients.clients" : "客户端",
  "link.clients.groups" : "组",
  "link.clients.centers" : "中心",
  "link.reports.all" : "全部",
  "link.reports.clients" : "客户端",
  "link.reports.loans" : "贷款",
  "link.reports.funds" : "基金",
  "link.reports.accounting" : "会计",
  "link.products.loanproducts" : "贷款产品",
  "link.products.savingproducts" : "节能产品",
  "link.products.productsmix" : "产品组合",
  "link.products.charges" : "收费/处罚",
  "link.admin.users" : "用户",
  "link.admin.organisation" : "组织",
  "link.admin.system" : "系统",
  "link.profile" : "档案",
  "link.settings" : "设置",
  "link.logout" : "登出",
  "app lebels end" :"-----------------------------------------------------",		
  "app erros start" :"----------------------------------------------------",		




  "app erros end" :"------------------------------------------------------"

}
