{
  "app lebels start" :"----------------------------------------------------",
  "label.product.title" : "Open Billing System",
  "label.change.language" : "Change language:",
  "label.change.dateformat":"Change DateFormat",
  "label.username" : "UserName",
  "label.password" : "Password",
  "label.signin":"Sign In",
  "label.systemid": "System Id :",
  "label.product.name" : "Open Billing System",
  "label.product.version" : "Version 2.0.1",
  "label.product.status" : "OBS is upto date",
  "label.product.aboutus1" : "Designed by ",
  "label.product.aboutus2" : "A global community",
  "label.get.involved1" : "Sound interesting?",
  "label.get.involved2" : "Get involved!",
  "label.community.name" : "OBS Team",
  "label.heading.resources" : "Resources",
  "label.anchor.usermanual" : "Online Manual",
  "label.anchor.functionalspec" : "Functional spec",
  "label.anchor.faq" : "FAQ",
  "label.heading.community" : "Support Service",
  "label.anchor.ticket":"Ticketing System",
  "label.users.group" : "User group",
  "label.developer.group" : "Developer group",
  "label.product.irc" : "IRC",
  "label.heading.news" : "Latest News ",
  "label.assets":"Assets",
  "label.liabilities":"Liabilities",
  "label.expenses":"Expenses",
  "label.income":"Income",
  "label.heading.paymenttype":"Payment Type",
  "label.accountingrules":"Accounting Rules",
  "label.advancedaccountingrules":"Advanced accounting rules",
  "label.heading.language":"Language",
  "label.add.kota.Info":"Korta Information",
  "label.heading.welcome": "Welcome",
  "label.heading.dashboard": "Dashboard",
  "label.heading.home": "Home",
  "label.input.searchactivities": "Search activities",
  "label.heading.navigation.guide": "You can navigate your way through OBS using",
  "label.heading.left.shortcuts": "the shortcuts to the left",
  "label.heading.down.shortcuts": "the most recent used",
  "label.heading.top.menu": "the menu at the top",
  "label.heading.right.search": "the search tool at the top-right",
  "label.heading.recentactivities": "Recent Activities",
  "label.heading.frequentactivities": "Frequent Activities",
  "label.heading.obs": "Open Billing System",

  

 "# common table headings":"....",
  "table.heading.officename":"Office name",
  "table.heading.name":"Name",
  "table.heading.description":"Description",
  "table.heading.filename":"File Name",
  "table.heading.actions":"Actions",
  "table.heading.value":"Value",
  "table.heading.entity":"Entity",
  "table.heading.product":"Product",
  "label.changepassword":"Change Password",
  "label.repeatpassword":"Repeat Password",
  "label.loginname":"Login Name",
  "label.email":"Email",
  "label.enable":"Enable",
  "label.disable":"Disable",
   "label.select.one":"--Select one--",
  "validation.msg.office.name.cannot.be.blank":"Office Name cannot be blank",
  "error.msg.not.authorized":"Insufficient privileges to perform this action.",
 
 "# common label headings":"....",
  "label.firstname":"First name:",
  "label.corporate":"Client Name",
  "label.corporatedetails":"Client Info",
  "label.contactperson":"Contact Person",
  "label.middlename":"Middle name:",
  "lable.fullname":"Full Name:",
  "label.lastname":"Last name:",
  "label.office":"Office:",
  "label.currency":"Currency:",
  "label.phone":"Phone:",
  "label.email":"Email:",
  "label.name":"Name:",
  "label.Device":"Device",
  "label.Address":"Address:",
  "label.province":"Province:",
  "label.country":"Country:",
  "label.filename":"File name:",
  "label.manageoffices":"Manage Offices",
  "label.manageemployees":"Manage Employees",
  "label.managedatatables":"Manage Data Table",
  "label.createoffice":"Create Office",
  "label.editoffice":"Edit Office",
  "label.createemployee":"Create Employee",
  "label.currencyconfig":"Currency configuration",
  "label.editcurrencyconfig":"Edit Currecny Configuration",
  "error.msg.currency.duplicate.configuration":"Currency is already configured",
  "label.charges":"Charges",
  "label.transactionId":"Transaction Id",
  "label.value":"Value:",
  "label.minimum":"Minimum",
  "label.default":"Default",
  "label.maximum":"Maximum",
  "label.multiplesof":"Currency in multiples of:",
  "label.dueon":"Due on",
  
  "label.fromdate":"From date",
  "label.todate":"To date",
  "label.select.charge":"--Select charge--",
  "label.select.office":"--Select office--",
  "label.select.group":"--Select group--",
  "label.select.currency":"--Select Currency--",

  "#tasks":"",
  "tab.checkerinbox":"Checker inbox",
  
  "#templates":"",
  "link.create.new.template":"Create Template",
  "label.advancedoptions":"Advanced options",
  "label.mapperkey":"Mapper Key:",
  "label.mappervalue":"Mapper value:",
  "label.templatename":"Template name:",
  "label.type":"Type :",
  "label.text":"Text :",
  "label.templates":"Templates",
  "label.createtemplate":"Create Template",
  "label.edittemplate":"Edit Template",
  "button.print":"Print",

  "#Admin users":"",
  "label.edituser":"Edit User",
  "label.createuser":"Create User",
  "validation.msg.user.username.cannot.be.blank":"User Name cannot be blank",
  "validation.msg.user.firstname.cannot.be.blank":"First Name cannot be blank",
  "validation.msg.user.lastname.cannot.be.blank":"Last Name cannot be blank",
  "validation.msg.user.email.cannot.be.blank":"Email cannot be blank",
  "error.msg.client.duplicate.login":"Login name is already exist",
  "validation.msg.user.roles.cannot.be.empty":"Please select atleast one role",
  "error.msg.user.email.invalid":"Email address is invalid",
  "validation.msg.user.repeatPassword.not.equal.to.password":"Password and repeat password do not match.",
  "error.msg.close.active.plans.found.for.client.close":"Client cannot be closed because of Active plans.",

  "#common button name":"",
  "button.edit":"Edit",
  "button.add":"Add",
  "button.save":"Save",
  "button.cancel":"Cancel",
  "button.done":"Done",
  "button.delete":"Delete",
  "button.undo":"Undo",
  "button.view":"View",
  "button.activate":"Activate",
  "button.delete":"Delete",
  "button.save":"Save",
  "button.deleteall":"Delete All",
  "button.upload":"Upload",
  "button.addcharge":"Add charge",
  "button.eventorder":"Event Order",
  "button.refresh":"Refresh",
  "table.heading.orderid":"Order No",
  "label.eventprice":"Event Price",

  "#datatable":"",
  "table.heading.datatablename":"Data Table Name",
  "table.heading.new.name":"New Name",
  "table.heading.new.code":"New Code",
  "table.heading.associatedwith":"Associated With",
  "button.createdatatable":"Create Datatable",
  "label.edit.datatable":"Edit Datatable",

  "#view datatable":"",
  "table.heading.fieldname":"Field Name",
  "table.heading.type":"Type",
  "table.heading.length":"Length",
  "table.heading.code":"Code",
  "table.heading.mandatory":"Mandatory",
  "label.associatedwith":"Associated with:",

 "#employee table":"....",
  "link.create.new.employee":"Create Employee",

  "#jobs":"",
  "label.button.suspend": "Suspend",
  "label.button.activate": "Activate",
  "table.heading.active":"Is Active",
  "table.heading.status":"Status",
  "table.heading.nextrun":"Next run",
  "table.heading.previousrun":"Previous run",
  "table.heading.previousrun":"Previous run",
  "table.heading.previousrunstatus":"Previous run status",
  "table.heading.currentstatus":"Current status",
  "label.schedulerstatus":"Scheduler Status",
  "label.jobname":"Job Name:",
  "label.selectall":"Select all",
  "label.cronexpression":"Cron Expression:",
  "label.crondescritpion":"Cron Description",
  "label.follow":"Follow:",
  "label.isactivejob":"Is Active Job:",
  "label.manageschedulerjobs":"Scheduler Jobs",
  "label.editschedulerjob":"Edit Scheduler Job",
  "table.heading.version":"Version",
  "table.heading.runstarttime":"Run Start Time",
  "table.heading.status":"Status",
  "table.heading.runtype":"Run Type",
  "label.filterbyversion":"Filter by Version/Runtype",
  "label.schedularjobhistory":"Scheduler Job History",
  
  "#Job Parameters":".....",
  "label.editschedulerjobparameters":"Edit Job Parameters",
  "label.job.reportname":"Batch",
  "label.job.processdate":"Process Date",
  "label.job.duedate":"Due Date",
  "label.job.promotionalmessage":"Promotional Message",
  "label.job.messagetemplate":"Message Template",
  "label.job.exipirydate":"Exipiry Date",
  "label.job.isDynamic":"Is Dynamic",
  "label.job.isautorenwalactive":"Is Auto Renewal",
  "label.job.isautorenewal":"Auto Renewal",
  "label.job.emailid":"Email Id",
  "validation.msg.schedulerjob.emailId.cannot.be.blank":"emailId cannot be blank",
  "label.job.ProvSystem":"Provisioning System",
  "label.job.url":"Url",
  "label.job.username":"User Name",
  "label.job.password":"Password",
  "label.job.updateStatus":"Status",
  "label.job.createticket":"Create Ticket",
  "validation.msg.schedulerjob.Username.cannot.be.blank":"Username cannot be blank",
  "validation.msg.schedulerjob.Password.cannot.be.blank":"Password cannot be blank",
  "validation.msg.schedulerjob.URL.cannot.be.blank":"Url cannot be blank",
  


  "#view employee":"....",
  "label.office.parentoffice":"Parent office:",
  "label.office.openedon":"Opened on:",
  "label.office.namedecorated":"Name Decorated:",
  "label.office.externalid":"External Id:",
  
  "#view client":"",
  "button.neworder":"Book Order",
  "button.sale":"New Sale",
  "button.adjustments":"Post Adjustment",
  "button.payments":"Make Payment",
  "button.invoice":"Do Invoice",
  "label.invoicedetails":"Invoice Details",
  "button.statement":"Statement",
  "tab.general":"General",
  "label.clinetfirstname":"Client Name:",
  "label.clientlastname":"Contact Person:",
  "label.accountno":"Account No:",
  "label.activationdate":"Created Date:",
  "label.officename":"Office Name:",
  "label.officetype":"Office Type",
  "label.memberof":"Member Of:",
  "table.heading.uniqueidentification":"Unique Identificatio#",
  "table.heading.identitydocuments":"Identity documents",
  "label.balance":"Balance",
  "button.transferclient":"Transfer client",
  "label.assignstaff":"Assign staff",
  "label.closurereason":"Closure reason",
  "tab.heading.client.documents":"Documents",
  "label.select.file":"Select file",
  "link.view.client":"View Client",
  "link.add.clientidentifier":"Add Client Identifier",
  "label.select.identitydocument.type":"Select Identity Doc Type",
  "label.unique.identification":"Unique Identification #",
  "label.document.type":"Identity Document Type:",
  "label.upload.client.document":"Upload Client Document",
  "label.add.client.identifier":"Add Client Identifier",
  "tab.templates":"Templates",
  "tab.identities":"Identities",
  "tab.closedaccount":"Closed A/C",
  "error.msg.clientIdentifier.type.duplicate":"Already exists with this document type",
  "validation.msg.client.firstname.cannot.be.blank":"First name cannot be blank",
  "validation.msg.client.lastname.cannot.be.blank":"Last name cannot be blank",

  "#edit client":"",
  "label.individual":"Individual",
  "label.corporate":"Client Name",
  "label.externalid":"External Id",
  "label.active":"Active",
  "label.fullname":"Full name or Business name:",
  "label.editclient":"Edit Client",
  "label.closeclient":"Close Client",
  "label.createclient":"Create Client",
  "title.client.activate":"Client Activation",
  "label.client.select.image":"Client Photo",
  
  "link.home" : "Home",
  "link.tasks" : "Tasks",
  "link.clients" : "Clients",
  "link.accounting": "Accounting",
  "link.smartsearch":"Smart Search",
  "link.reports" : "Reports",
  "link.admin" : "Admin",
  "link.clients.clients" : "Clients",
  "link.reports.all" : "All",
  "link.reports.clients" : "Clients",
  "link.reports.orders":"Orders",
  "link.reports.tickets":"Tickets",
  "link.reports.inventory" : "Inventory",
  "link.reports.leads" : "Leads",
  "link.reports.accounting" : "Accounting",
  "link.admin.users" : "Users",
  "link.admin.organisation" : "Organisation",
  "link.admin.templates" : "Templates",
  "link.admin.system" : "System",
  "link.admin.configuration":"Configurations",
  "link.admin.mappingconfiguration":"Mapping Configurations",
  "label.heading.userprofile":"User Profile",
  "link.profile" : "Profile",
  "label.inventory":"Inventory",
  "label.hostName":"Host Name",
  "label.port":"Port",
  "link.messanger":"Messanger",
  "link.settings" : "Settings",
  "link.logout" : "LogOut",
  "link.admin.provision" : "Adapter Provision",
  

  "#accounting coa":"....",
  "label.coa":"Chart Of Accounts",
  "button.addaccount":"Add Account",
  "table.heading.accname":"Account name",
  "table.heading.glcode":"GL code",
  "table.heading.acctype": "Account type",
  "table.heading.disabled":"Disabled",
  "table.heading.manualentriesallowed":"Manual Entries Allowed?",
  "table.heading.usedas":"Used as",
  "label.accountname":"Account Name",
  "label.glcode":"GL Code",
  "label.accounttype":"Account Type",
  "label.accountusage":"Account Usage",
  "label.parent":"Select Parent",
  "label.manualentriesallowed":"Manual Entries Allowed?",
  "label.description":"Description",
  "label.tag":"Tag",
  "label.editglaccount":"Edit GL Account",
  "label.createglaccount":"Create GL Account",
  "label.parentaccountname":"Parent Account",
  "label.position":"Position",
  "label.select.tag":"--Select tag--",
  "label.select.parent":"--Select parent--",

  "#Admin System":"",
  "label.managecodes":"Manage Codes",
  "label.managereports":"Manage Reports",
  "label.addcode":"Add Code",
  "label.editcode":"Edit Code",
  "label.code.name":"Name",

  "#Admin system reports":"",
  "table.heading.reportname":"Report Name",
  "table.heading.reporttype":"Report Type",
  "table.heading.reportsubtype":"Report Sub Type",
  "table.heading.reportcategory":"Report Category",
  "table.heading.parameter":"Parameter",
  "table.heading.parameternamepassedtopentaho":"Parameter Name passed to Pentaho",
  "table.heading.corereport":"Core Report",
  "table.heading.usereport":"Use Report",
  "label.createreport":"Create Report",
  "label.editreport":"Edit Report",
  "label.reportname":"Report Name",
  "label.reporttype":"Report type:",
  "label.reportsubtype":"Report sub type:",
  "label.reportcategory":"Report category:",
  "label.corereport":"Core report:",
  "label.usereport":"Use report:",
  "label.userreportui":"Use report(UI)",
  "label.heading.reportdetails":"Report Details",
  "label.heading.sql":"Sql",
  "label.sql":"Sql:",
  "label.select.allowedParameter":"--Select parameter--",
  "label.heading.reportparameters":"Report Parameters",
  "startDateSelect":"Start Date",
  "endDateSelect":"End Date",
  "OfficeIdSelectOne":"Select Office",
  "currencyIdSelectAll":"Select Currency",
  "validation.msg.report.reportName.cannot.be.blank":"Report name cannot be blank",
  "validation.msg.report.reportSql.must.be.provided.when.reportType.is.Table":"Sql field cannot be blank",

  "#DataTables":"...",
  "apptable.m.client":"Client",
  "apptable.m.office":"Office",
  "apptable.m.group":"Group",
  "label.create.datatable":"Create DataTable",
  "label.datatable.name":"Data Table Name",
  "label.datatable.apptableName":"Application Table Name",
  "label.select.apptableName":"--Select--",
  "label.datatable.multiRow":"Multi Row",
  "label.column.name":"Column Name",
  "label.select.columnType":"--Type--",
  "datatable.column.type.string":"String",
  "datatable.column.type.number":"Number",
  "datatable.column.type.decimal":"Decimal",
  "datatable.column.type.date":"Date",
  "datatable.column.type.text":"Text",
  "datatable.column.type.dropdown":"Drop-down",
  "label.add.columns":"Add Columns",
  "label.heading.columns":"Columns",
  "label.make.datatable.entry":"Make DataTable Entry",
  "label.view.datatable.entry":"View DataTable Entry",
  "label.edit.datatable.entry":"Edit DataTable Entry",

  "#Office ":"....",
  "label.officename":"Office name:",
  "label.openedon":"Opened on:",
  "label.externalId":"External Id:",
  "label.openedon":"Opened on:",
  "label.parentoffice":"Parent office:",
  "app lebels end" :"-----------------------------------------------------",
  "app erros start" :"----------------------------------------------------",
  "error.login.failed":"Please try again, your credentials are not valid",
  "error.delete.failed":"System defined code values cannot be deleted",


  "#Journal Entry Predefined Postings":"........",
  "label.select.accountingrule":"--Select accounting rule--",
  "label.journalentry.posting.title":"Add Journal Entry",
  "label.journalentry.accounting.rules":"Accounting Rules",
  "label.journalentry.effected.entries":"Effected GL Entries",
  "label.journalentry.credit":"Credit",
  "label.journalentry.debit":"Debit",
  "label.journalentry.reference.number":"Referance Number",
  "label.journalentry.transaction.date":"Transaction Date",
  "label.journalentry.comments":"Comments",
  "label.save":"Save",
  "label.cancel":"Cancel",
  "label.journalentry.transaction.number":"Transaction Number #",
  "label.searchjournalentries":"Search Journal Entries",
  "label.additional.filter":"Additional filter",
  "label.select.debit":"--Select debit--",
  "label.select.credit":"--Select credit--",
  "label.select.filter":"--Select filter--",

  "#Accounting Related":".............",
  "button.addrule":"Add Rule",
  "label.accounting.closure.closing.date":"ClosedOn Date",
  "label.accounting.closure":"Close Accounting",
  "label.closingentries.title":"Closing Entries",
  "label.accounting.closure.comments":"Comments",
  "label.previous.closedOn" : "Previous Closed date:",
  "label.closed.accounting.details" : "Closed Accounting Details",
  "label.close.accounting.created.by" : "Closed By",
  "label.credit.account.details" : "Credit Account Details",
  "label.debit.account.details" : "Debit Account Details",
  "label.accounting.rule.name" : "Rule Name",
  "label.accounting.rule.title":"Create Accounting Rule",
  "label.accounting.rule.edit.title":"Edit Accounting Rule",
  "label.credit.rule.type":"Type:",
  "label.debit.rule.type":"Type:",
  "label.allowMultipleCreditEntries":"Allow Multiples",
  "label.allowMultipleDebitEntries":"Allow Multiples",

  "#Reports Related":"...................",
  "label.report.output.type":"Output Type:",
  "label.anchor.reports": "Reports",
  "label.anchor.runreport":"Run Report",
  "label.button.runreport": "Run Report",
  "label.button.run": "Run",
  "label.button.parameters":"Parameters",
  "label.input.showreport": "Normal format",
  "label.input.exportexcel": "Excel format",
  "label.input.exportcsv": "CSV format",
  "label.input.pdfformat": "PDF format",
  "label.input.chartformat": "Chart format",
  "label.all": "All",
  "label.input.piechart":"Pie Chart",
  "label.input.barchart":"Bar Chart",
  "label.error": "Error",
   "error.message.report.parameter.required":"The parameter `{{params[0].value}}` is required",

  "app erros end" :"------------------------------------------------------",

  "label.note":"Note:",
  "label.date":"Date:",

  "#Account Transfers":".........",
  "label.heading.view.accounttransfer.details":"View Account Transfers Details",
  "label.heading.transaction.details":"Transaction Details",
  "label.transaction.amount":"Amount:",
  "label.transaction.date":"Transaction Date:",
  "label.transaction.description":"Description:",
  "label.heading.transferred.from":"Transferred from:",
  "label.transferred.office":"Office:",
  "label.transferred.client":"Client",
  "label.transferred.account":"Account type:",
  "label.transferred.accountnumber":"Account",
  "label.heading.transferred.to":"Transferred to:",
  "legend.heading.account.transfers":"Account Transfers",
  "label.transferring.from":"Transferring From Details",
  "label.fromaccount":"From Account:",
  "label.fromaccount.type":"From Account Type:",
  "label.transferring.to":"Transferring To Details",
  "label.transaction.type":"Transaction Type:",
  "label.transaction.paymentdetail.data":"Payment Details",
  "label.transaction.payment.type":"Payment Type:",
  "label.transaction.accountNumber":"Account Number:",
  "label.transaction.checkNumber":"Check Number:",
  "label.transaction.routingCode":"Routing Code:",
  "label.transaction.receiptNumber":"Receipt Number:",
  "label.transaction.bankNumber":"Bank Number:",
  "label.view.transaction":"View Transaction",

  "label.uniquelyidentifiedwithid":"Uniquely Identified By id",
  "label.general":"General",
  "label.members":"Members",
  "label.notes":"Notes:",
  "label.heading.items":"Items",
  "label.committee":"Committee",
  "label.staff":"Staffs:",
  "label.summary":"Summary",
  "label.edit":"Edit",
  "label.close":"Close",
  "label.numofactiveclient":"Active Clients:",
  "label.add":"Add",
  "label.form.name":"Name",
  "label.addnote":"Add Note",
  "label.reset":"Reset",
  "label.addrole":"Add Role",
  "table.heading.userreport":"User Report",
  "label.client":"Client",
  "label.clients":"Clients",
  "link.upload.document":"Upload Document",
  "label.role":"Role",
  "label.group.members":"Members",
  "label.form.staff":"Staff",
  "label.form.activationdate":"Activation Date",
  "label.confirm":"Confirm",
  "label.closuredate":"Closure Date",
  "label.closurereasons":"Closure Reasons",
  "label.activate":"Activate",
  "label.enteractivationdate":"Enter Activation Date",
  "label.addmember":"Add Member",
  "label.clientid":"Client Id",
  "label.unassign":"Unassign",
  "label.form.firstname":"First Name",
  "label.form.lastname":"Last Name",
  "label.form.office":"Office",
  "label.prev":"Prev",
  "label.next":"Next",

  "label.filterbynameheadoffice":"Filter by Name/Head Office",
  "label.delete":"Delete",
  "label.enternote":"Enter Note",
  "label.confirmdelete":"Confirm Delete",

  "label.list.externalid":"ExternalId:",
  "label.form.accountno":"Account No",
  "label.placeholder.amount":"Amount",
  "label.placeholder.duedate":"Due date",
  "label.client.specific.data":"Client Specific Data",
  "label.view.schedule":"Schedule",
  "label.form.currency":"Currency",
  "label.list.amount":"Amount:",
  "label.list.active":"Active:",
  "label.list.penalty":"Penalty:",
  "label.amount":"Amount",
  "label.chargepaymentby":"Charge Payment By",
  "label.editcharge":"Edit Charge",
  "label.createcharge":"Create Charge",
  "label.list.chargetype":"Charge Type:",
  "label.confirm":"Confirm",
  "label.globalconfigurations":"Global Configuration",
  "label.cachesettings":"Cache Settings",
  "label.enabled":"Enabled",
  "label.disable":"Disable",
  "label.enable":"Enable",
  "label.filterbyname":"Filter by Name",
  "label.select":"Select",
  "label.do.action":"Do Action",

  "#Roles Management":"....",
  "label.view.roles": "View Roles",
  "label.view.role": "View Role",
  "button.permissions":"Permissions",
  "label.permissions" :"Permissions",
  "label.roles":"Roles",
  "label.view.makerchecker.settings":"View Maker Checker Settings",
  "label.makerchecker.tasks":"Maker Checker Configurations",
  "label.edit.makerchecker":"Edit Maker Checker Settings",

  "#ClosureAccount":"....",
  "link.accountclosure":"Accounts Closure",
  "label.viewclosure":"View Account Closure",
  "label.updatedby":"Updated By",
  "label.updatedon":"Updated On",
  "label.closurecreationdate":"Closure Creation Date",
  "label.filterbyoffice":"Filter By Office",
  "label.createclosure":"Create Closure",
  "label.accountsclosure":"Accounts Closure",

   "#Contract":"....",
  "label.contracts":"Contracts",
  "label.createcontract":"Add New Contract",
  "link.create.new.contract":"Add New Contract",
  "table.contract.period":"Contract Period",
  "table.contract.type":"Contract Type",
  "table.contract.unit":"Units",
  "label.manage.contracts":"Manage Contracts",
  "label.editcontract":"Edit Contract",
  "label.contract.contractperiod":"Contract Period",
  "label.contract.contractype":"Contract Type",
  "label.contract.units":"Units",
  "label.contract.error":"Errors:",
  "validation.msg.subscriptoins.subscriptionPeriod.cannot.be.blank":"Subscription Period cannot be blank",
  "validation.msg.subscriptoins.units.cannot.be.blank":"Units cannot be blank",
  
  "#Plan":"......",
  "link.create.new.plan":"Add New Plan",
  "link.admin.plans":"Manage Plans",
  "label.editplan":"Edit Plan",
  "table.plan.code":"Plan Code",
  "table.plan.description":"Plan description",
  "table.plan.status":"Status",
  "label.plans":"Manage Plans",
  "label.createplan":"Create Plan",
  "label.plan.plancode":"Plan Code",
  "label.plan.planname":"Plan Name",
  "table.order.endDate":"End Date",
  "table.order.user":"User",
  "label.plan.status":"Status",
  "table.order.pairing":"Pairing",
  "label.plan.plandescription":"Plan Description",
  "label.plan.billingrule":"Billing Rule",
  "label.plan.startdate":"Start Date",
  "label.plan.provisioningsystem":"ProvisioningSystem",
  "label.plan.service":"Services",
  "label.plan.enddate":"End Date",
  "label.availableservice":"Available Service",
  "label.selectedservice":"Selected Service",
  "label.plan.isprepaid":"Is Prepaid",
  "label.plan.ishwreq":"Is Device Require:",
  "label.plan.duration":"Duration",
  "label.plan.volume":"Volume",
  "label.plan.units":"Units",
  "validation.msg.plan.startDate.cannot.be.blank":"Start Date cannot be blank",
  "validation.msg.plan.services.cannot.be.empty":"Please select atleast one service",
    
  "#Price":".......",
  "label.creatprice":"Create Price",
  "label.addprices":"Add Prices",
  "label.addedprices":"Added Prices",
  "table.price.servcecode":"Service Code",
  "table.price.chargecode":"Charge Code",
  "table.price.chargevaraint":"Charge Varaint",
  "table.price.price":"Price",
  "table.price.region":"Price region",
  "label.plan.servicecode":"Service Code",
  "label.price.discountcode":"Discount Code",
  "label.price.chargecode":"Charge Code",
  "label.price.priceregion":"Price Region",
  "label.price.chargevariant":"Charge Varaint",
  "label.price.amount":"Amount",
  "label.price.serviceCode":"Service Code",
  "label.price.chargeCode":"Charge Code", 	
  "label.price.chargevaraint":"Charge Varaint", 	
  "label.price.price":"Price",
  "label.editprice":"Edit Price",
  "label.viewprice":"View Price",
  "validation.msg.price.chargeCode.cannot.be.blank":"Charge Code cannot be blank",
  "validation.msg.price.discountId.cannot.be.blank":"Please select discount",
  "validation.msg.price.chargevariant.cannot.be.blank":"Charge Variant cannot be blank",
  "validation.msg.price.priceregion.cannot.be.blank":"Price Region Cannot be blank",
  "validation.msg.invalid.integer.format":"Invalid Integer format",
  "validation.msg.chargecode.billFrequencyCode.cannot.be.blank":"BillingFrequency cannot be blank",
  
  "#Media":".....",
  "label.media":"Manage Media Details",
  "link.create.new.media":"Add Media",
  "link.create.adv.media":"Adv Media",
  "label.media.createmedia":"Add Media",
  "label.media.edimedia":"Edit Media Details",
  "label.media.newmedia":"New Media Details",
  "table.media.title":"Media Title",
  "table.media.rating":"Media Rating",
  "table.media.releasedate":"Release Date",
  "table.media.status":"Status",
  "label.media.title":"Media Title",
  "label.game.title":"Game Title",
  "label.media.type":"Select Media Category",
  "label.media.contentprovider":"Content Provider",
  "label.media.mediaType":"Media Type",
  "label.media.eventcategory":"Event Category",
  "label.media.share":"Share(%)",
  "label.media.rated":"Rated",
  "label.media.categeory":"Media Category",
  "label.media.rating":"Rating",
  "label.media.poster":"Poster",
  "label.media.status":"Status",
  "label.media.movieduration":"Movie Duration",
  "label.media.releasedate":"Release Date",
  "label.media.genre":"Genre",
  "label.media.subject":"Subject",
  "label.media.overview":"Overview",
  "label.media.mediadetails":"Media Details",
  "label.media.medialocation":"Media Location",
  "label.media.captionvalue":"Caption Values",
  "label.media.nickname":"Nick Name",
  "label.media.image":"Image",
  "label.media.location":"location",
  "table.media.cast":"Cast",
  "table.heading.attributetype":"Attribute Type",
  "label.media.captionvalue":"Caption value",
  "label.media.nickname":"Nick Name",
  "label.media.editmedia":"Edit Media",
  "label.media.image":"image",
  "table.heading.language":"Language",
  "table.heading.format":"Format",
  "table.heading.location":"Location",
  "table.game.contentprovider":"Settlement Type",
  "table.game.category":"Category",
  "table.game.source":"Source",
  "table.game.service":"Service",
  "table.game.sequence":"Sequence",
  "table.game.type":"Type",
  "table.game.amount":"Amount",
  
  "#Inventory":"......",
  "link.inventory":"Inventory",
  "tab.item":"Items",
  "table.item.code":"Item Code",
  "table.item.description":"Item  Description",
  "table.item.units":"Units",
  "table.item.unitprice":"Unit Price",
  "table.item.warranty":"Warranty",
  "link.create.add.item":"Add Item",
  "label.item.chargecode":"Charge Code",
  "label.item.itemclass":"Item Class",
  "label.itemdetail.provisionserialnum":"Provisioning Serialnumber",
  "validation.msg.item.chargeCode.cannot.be.blank":"Charge Code cannot be blank",
  "validation.msg.item.itemClass.cannot.be.blank":"Item Class cannot be blank",
  "validation.msg.item.itemCode.cannot.be.blank":"Item Code cannot be blank",
  "validation.msg.item.units.cannot.be.blank":"Units cannot be blank",
  "validation.msg.item.reorderLevel.cannot.be.blank":"Reorder Level cannot be blank",
  "validation.msg.invalid.decimal.format":"Invalid numeric value",
  "form.error.number"		    		 : "accepts only digits !",
  "validation.msg.item.itemCode.exceeds.max.length" : "Item Code exceeds max length of 10",
  "validation.msg.item.itemDescription.exceeds.max.length" : "Item Description dexceeds max length of 50",
  "validation.msg.item.reorderLevel.exceeds.max.length" : "Reorder Level exceeds max length of 2",
  
  "#Import":"........",
  "label.heading.uploads":"Builk Uploads",
  "label.imports":"Manage Imports",
  "link.import":"Data Uploads",
  "link.create.new.file":"Upload File",
  "table.import.uploadprocess":"Upload Process",
  "table.import.downloads":"Downloads",
  "table.import.uploadfilepath":"Upload FilePath",
  "table.import.processdate":"Process Date",
  "table.import.process.totalrecords":"Process/Total Records",
  "table.import.status":"Status",
  "label.import.filepath":"File Path",
  "label.import.uploadprocess":"Upload Process",
  "label.import.status":"Process Status",
  "label.import.processdate":"Process Date",
  "label.import.totalrecords":"Total Records",
  "label.import.processrecords":"Process records",
  "label.import.name":"Name",
  "label.import.description":"Description",
  "label.client.select.file":"Browse file to Upload",
  "label.addimportfile":"Add New File",
  "error.msg.document.file.too.big":"File is too big",
  "error.msg.file.duplicate.name":"File is already exist with this name",
  "validation.msg.UploadStatus.description.cannot.be.blank":"Description Cannot be blank",
  "validation.msg.UploadStatus.fileName.cannot.be.blank":"File name Cannot be blank",
  
  "#Order":".....",
  "label.createorder":"Create New Order",
  "label.postpaidplans":"Postpaid Plans",
  "label.prepaidplans":"Prepaid Plans",
  "label.order.startdate":"Start Date",
  "label.order.contractperiod":"Contract Period",
  "label.order.orderId":"Order No",
  "label.order.ordertype":"Order Type",
  "label.order.billingfrequency":"Billing Frequency",
  "label.order.billalign":"Align Billing Cycle",
  "table.order.service":"Service",
  "table.order.chargecode":"Charge Code",
  "table.order.billstartdate":"Bill StartDate",
  "table.order.billenddate":"Bill EndDate",
  "table.order.invoicetilldate":"Invoice TillDate",
  "table.order.billingcycle":"Billing Cycle",
  "table.order.price":"Price",
  "table.order.transactiondate":"Transaction Date",
  "table.order.actualdate":"Actual Date",
  "table.order.processorderid":"ProcessOrder Id",
  "table.order.transactiontype":"Transaction Event",
  "table.order.id":"Id",
  "table.order.discountcode":"Discount Code",
  "table.order.discountdescription":"Discount Description",
  "table.order.discountType":"Discount Type",
  "table.order.discountAmount":"Discount Amount",
  "table.order.discountstartdate":"Start Date",
  "table.order.discountenddate":"End Date",
  "table.order.servicecode":"Service Code",
  "table.order.serviceDescription":"Service Description",
  "table.order.serviceType":"Service Type",
  "table.order.startDate":"Start Date",
  "table.order.currentDate":"Current Date",
  "table.order.provisioningSys":"Provisioning Sys",
  "table.order.status":"Status",
  "table.order.cancelledStatus":"Cancelled Status",
  "table.order.contractPeriod":"Contract Period",
  "label.order.status":"Status",
  "label.order.useraction":"User Action",
  "label.disconnectorder":"Disconnect Order",
  "dialog.reactive.title.message":"Reactive",
  "label.order.disconnectionreason":"Disconnection Reason",
  "label.renewalorder":"Renewal Order",
  "label.order.renewalperiod":"Renewal Period",
  "label.order.description":"Description",
  "label.order.Promotion":"Promotion Code",
  "label.order.suspensionDate":"Suspension Date",
  "label.order.suspensionreason":"Suspension Reason",
  "label.order.suspensiondescription":"Description",
  "label.promo":"Apply Promo",
  "label.button.more":"More",
  "label.order.disconnectionDate":"Disconnection Date",
  "validation.msg.order.suspensionReason.cannot.be.blank":"Please Select Suspension Reason",
  "validation.msg.order.suspensionDescription.cannot.be.blank":"Description can not be blank",
  "validation.msg.order.paytermCode.cannot.be.blank":"Please Select Billing frequency",
  "label.osdmessage.message":"message",
  "label.osdMessage":"OSD Message",
  "error.msg.billing.order.not.found":"No Orders found for Invoice",
  "error.msg.associate.hardware.for.reconnect":"Please associate the hardware in order to reconnect",
  "dialog.retrack.title.message":"Retrack",
  "retrack.already.done":"Please wait for 60 minutes, from previous retrack",
  "validation.msg.order.contractPeriod.cannot.be.blank":"Please Select Contract Period",
  "error.msg.request.sent.for.activation":"Order is already sent for Activation ",
  "error.msg.billing.order.startdate.greater.than.exist.orderendate ":"Start Date must be greater than exist Order EndDate",
  
    "#Voucher pins":"....",
  "link.create.new.voucherpin":"Create Voucherpin",
  "label.createvoucherpin":"Create Voucher Pin",
  "label.batchName":"Batch Name:",
  "label.batchDescription":"Batch Description:",
  "label.lengthOfPin":"Length Of Pin:",
  "label.expiryDate":"Expiry Date:",
  "label.beginWith":"Begin With:",
  "label.pinCategory":"Pin Category:",
  "label.quantity":"Quantity:",
  "label.serialNoLength":"Serial No Length:",
  "label.pinType":"PinType:",
  "label.ManageVoucherpins":"Voucherpins",
  
  
  "#Table heading Voucher pins":"....",
  "table.heading.id":"Id",
  "table.heading.batchName":"BatchName",
  "table.heading.batchDescription":"BatchDescription",
  "table.heading.Length":"Length",
  "table.heading.beginWith":"BeginWith",
  "table.heading.pinCategory":"PinCategory",
  "table.heading.quantity":"Quantity",
  "table.heading.serialNo":"SerialNo",
  "table.heading.pinType":"PinType",
  "table.heading.pinValue":"PinValue",
  "table.heading.expiryDate":"ExpiryDate",
  
  "#Discounts":"....",
  "link.create.new.discount":"Create Discounts",
  "link.create.edit.discount":"Edit",
  "label.managediscounts":"Discounts",
  "label.creatediscount":"Create Discount",
  "label.editdiscounts":"Edit Discount",
  "label.viewdiscount":"View Discount",
  "label.discountCode":"Discount Code",
  "label.discountType":"Discount Type",
  "label.discountDescription":"Discount Description",
  "label.discountRate":"Discount Rate",
  "label.startDate":"Start Date",
  "label.status":"Status",
  "table.heading.Id":"Id",
  "table.heading.discountCode":"Discount Code",
  "table.heading.discountDescription":"Discount Description",
  "table.heading.discountType":"Discount Type",
  "table.heading.discountRate":"Discount Rate",
  "table.heading.startDate":"Start Date",
  "table.heading.status":"Status",
  "validation.msg.discount.discountCode.cannot.be.blank":"DiscountCode cannot be blank",
 "validation.msg.discount.discountDescription.cannot.be.blank":"Discount Description cannot be blank",
 "validation.msg.discount.discountType.cannot.be.blank":"DiscountType cannot be blank",
 "validation.msg.discount.discountRate.cannot.be.blank":"DiscountRate cannot be blank",
 "validation.msg.discount.status.cannot.be.blank":"Status cannot be blank",
 "validation.msg.discount.startDate.cannot.be.blank":"StartDate cannot be blank",
  
  "#Prospects":"....",
  "link.prospects" : "Leads",
  "link.viewprospects" : "View Prospects",
  "label.prospects":"Prospects",
  "label.prospect.other":"Other",
  "label.viewprospects":"View Prospects",
  "label.createprospect":"Create Prospect",
  "label.create.type":"Type",
  "label.homephone":"Home Phone",
  "label.firstname":"First Name",
  "label.officephone":"Office Phone",
  "label.middlename":"Middle Name",
  "label.mobilephone":"Mobile Phone",
  "label.lastname":"Last Name",
  "label.emailid":"Email Id",
  "label.address":"Address",
  "label.source":"Source",
  "label.street/area":"Street/Area",
  "label.plan":"Plan",
  "label.city/district":"City/District",
  "label.city/area":"City/Area",
  "label.nextcalltime":"Next Call Time",
  "label.state":"State/Province",
  "label.city":"City",
  "label.note":"Note",
  "label.country":"Country",
  "label.zipcode":"Zipcode",
  "label.followup":"FollowUp",
  "label.callstatus":"Call Status",
  "label.nextcall":"Next Call",
  "label.assignedto":"AssignedTo",
  "label.editprospect":"Edit Prospect",
  "label.statusremark":"Status Remark",
  "link.create.new.prospect":"New Prospect",
  "table.heading.prospectId":"Prospect Id",
  "table.heading.name":"Name",
  "table.heading.emailId":"Email Id",
  "table.heading.phonenumber":"Phone Number",
  "table.heading.address":"Address",
  "table.heading.note":"Note",
  "table.heading.callstatus":"Call Status",
  "table.heading.nextcall":"Next Call",
  "table.heading.assignedto":"AssignedTo",
  "table.heading.status":"Status",
  "label.name":"Name",
  "label.emailId":"Email Id",
  "label.phonenumber":"Phone Number",
  "label.address":"Address",
  "label.note":"Note",
  "label.status":"Status",
 
  
  "#Regions":"....",
  "link.create.new.region" : "Create Region",
  "label.regions":"Regions",
  "label.editRegion":"Edit Region",
  "label.createregion":"Create Region",
  "table.heading.id":"id",
  "table.heading.regionCode":"Region Code",
  "table.heading.regionName":"Region Name",
  "link.admin.regions":"Manage Regions",
  
  "#Regions":"....",
  "link.add.new.currencydetails" : "Add Currency Details",
  "table.heading.id":"Id",
  "table.heading.country":"Country",
  "table.heading.currency":"Currency",
  "table.heading.status":"Status",
  "label.currencydetails":"Currency Details",
  "label.viewcurrencydetails":"View Currencydetails",
  "label.editcurrencydetails":"Edit",
  "label.createcurrencydetails":"Create",
  "label.country":"Country",
  "label.currency":"Currency",
  "label.basecurrency":"Base Currency",
  "label.conversionrate":"Conversion Rate",
  "label.status":"Status",
  "validation.msg.countrycurrency.country.cannot.be.blank":"Country cannot be blank",
 "validation.msg.countrycurrency.currency.cannot.be.blank":"Currency cannot be blank",
 "validation.msg.countrycurrency.status.cannot.be.blank":"Status cannot be blank",
 
  "#Payments":"...........",
  "label.adjustments":"Adjustments",
  "label.payments":"Payments",
  "label.adjustmentcode":"Adjustment Code",
  "label.notes":"Notes",
  "label.adjustmentdate":"Adjustment Date",
  "label.adjustmentamount":"Adjustment Amount",
  "validation.msg.adjustment.adjustment_code.cannot.be.blank":"Adjustment Code Cannot be blank",
  "validation.msg.payment.receiptNo.cannot.be.blank":"Receipt Number cannot be blank",
  "label.paymentdate":"Payment Date",
  "label.chequeno":"Cheque No",
  "label.paymentType":"Payment Type",
  "label.chequedate":"Cheque Date",
  "label.amount":"Amount",
  "label.bankname":"Bank Name",
  "label.receiptno":"Receipt No",
  "label.branchname":"Branch Name",
  "table.heading.user":"User",
  "table.heading.transactiondate":"Transaction Date",
  "table.heading.transactiontype":"Transaction Type",
  "table.heading.history":"History",
  "table.heading.saledate":"Sale Date",
  "table.heading.itemcode":"Item Code",
  "table.heading.chargecode":"Charge Code",
  "table.heading.totalprice":"Total Price",
  "table.heading.allocate":"Allocate",
  "table.heading.eventName":"Event Name",
  "table.heading.bookedDate":"Booked Date",
  "table.heading.eventPrice":"Event Price",
  "link.add.onetimesale":"Add",
  "label.add.client.onetimesale":"Item Sale",
  "label.chargeCode":"Charge Code",
  "label.itemCode":"Item Code",
  "label.totalPrice":"Total Price",
  "label.unitPrice":"Unit Price",
  "label.regions":"Regions",
  "validation.msg.payment.paymentCode.cannot.be.blank":"Please Select Payment Type",
  "validation.msg.adjustment.adjustment_code.cannot.be.blan":"Adjustment Code cannot be blank",
  "validation.msg.adjustment.adjustment_type.cannot.be.blank":"Adjustment Type cannot be blank",
  "error.msg.payments.duplicate.receiptNo":"Receipt is Already exist with this number",
  "error.msg.billing.active.plans.found":"Active Plans are Paired with this device",
  "error.msg.close.active.plans.found.for.hardWare":"Active Plans are Paired with this device",
  "validation.msg.itemsale.purchaseFrom.cannot.be.blank":"Please select office For purchase",
  "validation.msg.itemsale.chargeCode.cannot.be.blank":"Charge Code cannot be blan",
  "validation.msg.itemsale.unitPrice.cannot.be.blank":"Unit Price cannot be blank",
  "validation.msg.itemsale.itemId.cannot.be.blank":"Please select Item",
  "validation.msg.itemsale.orderQuantity.cannot.be.blank":"Order Quantity cannot be blank",
  "validation.msg.itemsale.chargeAmount.cannot.be.blank":"Charge amount cannot be blank",
  "validation.msg.itemsale.taxAmount.cannot.be.blank":"tax Amount cannot be blank",
  
   "#service ":"....",
  "label.manageservices":"Manage Services",
  "label.createservice":"Create Service",
  "label.editservice":"Edit Service",
  "label.service.Service Description":"service Description:",
  "label.service.Service Code":"service Code:",
  "label.service.Status":"status:",
  "label.service.IsOptional":"isOptional:",
  "label.service.Service Type":"service Type:",
  "validation.msg.service.status.cannot.be.blank":"Status cannot be blank ",
  
  "#tickets ":"....",
  "link.tickets":"Tickets",
  "lable.ticket#":"Ticket#",
  
  
  "#invoice":"....",
  "label.invoicing":"Invoicing",
  "label.processingdate":"Process Date",
  "label.invoice":"Invoice",
  
   "#statement":"....",
   "label.statement":"Create Statement",
   "label.duedate":"Due Date",
   "label.Promotionalmessage":"Promotional Message",
   "label.statement":"Statement",
   "label.editmessage":"Edit Message",
   "label.statement.duedate":"Due Date",
   "label.statement.dueamount":"Due Amount",
   "label.statement.billperiod":"Bill Period",
   "label.statement.transactions":"Transactions",
   "label.statement.transactiontype":"Transaction Type",
   "table.statement.amount":"Amount",
   "link.viewstatement":"View statement",
   "error.msg.no.bills.to.generate":"No bills to generate",
   "error.msg.no.generate.pdf.file.for.this.statement":"Please first generate pdf file for this statement",
   "error.msg.no.emailId.is.available":"EmailId is not available for this client",
   
    "#messageResources":"....",
  "label.managemessage":"Manage Message",
  "label.createmessage":"Create Message",
  "label.message.templateDescription":"TemplateDescription",
  "label.message.subject":"Subject",
  "label.message.messageType":"MessageType",
  "label.message.header":"Header",
  "label.message.body":"Body",
  "label.message.footer":"Footer",
  "label.message.Parameters":"Parameters",
  "label.message.addMessageParams":"AddMessageParams",
  "label.message.Parametervalue":"param value",
  "label.viewmessage":"view Message",
  "label.message.id":"Message Id",
  "validation.msg.message.messageType.cannot.be.blank":"Please select message type",
  
  "#EventResources":"....",
  "lable.event":"EventMaster",
  "lable.createevent":"Create Event",
  "label.event.id":"Id",
  "label.event.eventName":"Event",
  "label.event.eventDescription":"Event Description",
  "label.event.status":"Status",
  "label.viewevent":"View Event",
  "label.eventdate":"Event Date",
  "label.deviceid":"Device Id",
  "label.opttype":"Opt Type",
  "label.formattype":"Format Type",
  "label.events":"Event",
  "label.eventorder":"Event Order",
  "label.clienttype":"Client Type",
  "validation.msg.eventorder.deviceId.cannot.be.blank":"Device Id cannot be blank",
  "validation.msg.eventorder.eventId.cannot.be.blank":"Event cannot be blank",
  "validation.msg.eventorder.formatType.cannot.be.blank":"Format Type cannot be blank",
  "validation.msg.eventorder.optType.cannot.be.blank":"Opt Type cannot be blank",
  "error.msg.movie.price.not.found":"No Price Found for This Client Type",
  "error.msg.insufficient.amount.amount":"Insufficient Amount to Book The Order",
  
  
  
  "#TicketResources":"....",
  "label.creatticket":"Create New Ticket",
  "label.ticket.date":"Ticket Date",
  "label.ticket.id":"Id",
  "label.ticket.priority":"Priority",
  "label.ticket.ticketDate":"TicketDate",
  "label.ticket.problemCode":"ProblemCode",
  "label.ticket.status":"Status",
  "label.ticket.assignTo":"AssignTo",
  "label.ticket.lastComment":"LastComment",
  "label.ticket":"Tickets",
  "link.admin.client":"View Client",
  "label.ticket.duedate":"Due Date Time",
  
  "#chargecode":"....",
  "label.editchargecode":"Edit Charge Code",
  "label.managechargecode":"Manage Charge Code",
  "label.chargecode":"Charge Code",
  "label.chargedes":"Charge Description",
  "label.chargetype":"Charge Type",
  "label.durationType":"Duration Type",  
  "label.chargeDuration":"Charge Duration",
  "label.taxInclusive":"Tax Inclusive",
  "label.billFrequencyCode":"Bill Frequency Code",    
  "label.create.new.chargecode":"Create Charge Code",
  "table.heading.chargeid":"ID",
  "table.heading.chargecode":"Charge Code",
  "table.heading.chargedes":"Charge Description",
  "table.heading.chargetype":"Charge Type",
  "table.heading.chargeduration":"Charge Duration",
  "table.heading.duratintype":"Durtion Type",
  "table.heading.taxinclusive":"Tax Inclusive",
  "table.heading.billfrequencycode":"Bill Frequency code",
  "validation.msg.chargecode.chargeType.cannot.be.blank":"Please select Charge Type",
  "validation.msg.chargecode.durationType.cannot.be.blank":"Please Select Duration Type",
  "error.msg.chargecode.duplicate.name":"Charge Code already exist with this name",
  
  
  "#taxmapping":"....",
  "label.taxmapping":"Tax Mapping",
  "label.edittaxmapping":"Edit Tax Mapping",
  "label.managetaxmapping":"Manage Tax Mapping",
  "label.chargeCode":"Charge code",
  "label.taxCode":"Tax Code",  
  "label.startDate":"Start Date",
  "label.type":"Type",
  "label.rate":"Rate",
  "label.taxRegion":"Regional Tax",    
  "label.create.new.taxmapping":"Create Tax Mapping",
  "table.heading.id":"ID",
  "table.heading.chargecode":"Charge Code",
  "table.heading.taxCode":"Tax Code",
  "table.heading.startDate":"Start Date",
  "table.heading.type":"Type",
  "table.heading.rate":"Rate",
  "table.heading.TaxRegion":"Tax Region",
  "table.heading.TaxRegionId":"Tax Region Id",
  "validation.msg.taxmap.type.cannot.be.blank":"Please select Tax type",
  
  "#Inventory":"...",
  "link.admin.inventory":"Inventory",
  "tab.item":"Items",
  "label.item.id":"Id",
  "label.item.chargecode":"Charge Code",
  "label.item.itemcode":"Item Code",
  "label.item.itemdescription":"Item Description",
  "label.item.units":"Units",
  "label.item.unitprice":"Unit Price",
  "label.item.warranty":"Warranty",
  "label.item.itemclass":"Item Class",
  "label.item.edit":"Edit Item",
  "label.create.new.item":"Add Item",
  "label.item.reorderlevel":"Reorder level",

  
  
  "#Grn":"...",
  "label.create.new.addgrn":"Add GRN",
  "table.grn.id":"Id",
  "table.grn.officeName":"Office Name",
  "table.grn.purchaseDate":"Purchase Date",
  "table.grn.supplierName":"Supplier Name",
  "table.grn.itemDescription":"Item  Description",
  "table.grn.orderedQuantity":"Ordered Quantity",
  "table.grn.receivedQuantity":"Received Quantity",
  "table.grn.balanceQuantity":"Balance Quantity",
  "label.grn.purchaseDate":"Purchase Date",
  "label.grn.supplierCode":"Supplier Code",
  "label.grn.officeId":"Office Id",
  "table.grn.status":"Status",
  "label.grn.itemCode":"Item Code",
  "label.grn.orderedQuantity":"Ordered Quantity",
  "label.grn.purchaseNo":"Purchase No",
  "table.grn.orderdQuantity":"Ordered Quantity",
  "table.itemdetails.id":"Id",
  "table.itemdetails.officeName":"Office Name",
  "table.itemdetails.itemDescription":"Item Description",
  "table.itemdetails.serialNumber":"Serial Number",
  "table.itemdetails.provserialNumber":" Provisioning No",
  "table.itemdetails.grnId":"GRN Id",
  "table.itemdetails.supplier":"Supplier",
  "table.itemdetails.quality":"Quality",
  "table.itemdetails.status":"Status",
  "table.itemdetails.allocated":"Allocated",
  
  "table.mrn.id":"Id",
  "table.mrn.requestedDate":"Requested Date",
  "table.mrn.itemDescription":"Item",
  "table.mrn.fromOffice":"From",
  "table.mrn.toOffice":"To",
  "table.mrn.orderedQuantity":"Requested Quantity",
  "table.mrn.receivedQuantity":"Received Quantity",
  "table.mrn.status":"Status",
  "button.mrn.move":"Move Mrn",
  "button.mrn.move":"Move Mrn",
  "validation.msg.null.fromOffice.cannot.be.blank":"Please Select Form Office",
  "validation.msg.null.toOffice.cannot.be.blank":"Please select To Office", 
  "validation.msg.null.orderdQuantity.cannot.be.blank":"OrderQuantity cannot be blank",
  "validation.msg.null.itemDescription.cannot.be.blank":"Item cannot be blank",
  "validation.msg.null.mrnId.cannot.be.blank":"Please select Mrn Id",
  "validation.msg.null.itemId.cannot.be.blank":"Please select Item Id",
  "validation.msg.grn-allocation.purchaseNo.cannot.be.blank":"purchaseNo cannot be blank",
  
  
  "table.itemhistory.id":"Id",
  "table.itemhistory.mrnId":"Ref Id",
  "table.itemhistory.refType":"Ref Type",
  "table.itemhistory.itemDescription":"Item",
  "table.itemhistory.serialNumber":"Serial Number",
  "table.itemhistory.transactionDate":"Moved Date",
  "table.itemhistory.movement":"Movement",
  "table.itemhistory.fromOffice":"Moved From",
  "table.itemhistory.toOffice":"Moved To",
  
  "#Supplier":".....",
  "table.supplier.id":"Id",
  "table.supplier.supplierCode":"Supplier Code",
  "table.supplier.supplierDescription":"Supplier Description",
  "table.supplier.supplierAddress":"Supplier Address",
  "validation.msg.null.supplierCode.cannot.be.blank":"Suppler Code cannot be blank",
  "validation.msg.null.supplierDescription.cannot.be.blank":"Supplier Description cannot be blank",
  "validation.msg.null.supplierAddress.cannot.be.blank":"Supplier Address cannot be blank",
  "validation.error.msg.inventory.supplier.duplicate.entry":"Supplier Code already exist",
  "validation.msg.null.supplierCode.exceeds.max.length":"Supplier Code exceeds max length of 10.",
  "validation.msg.null.supplierDescription.exceeds.max.length":"Supplier Description exceeds max length of 100.",
  "validation.msg.null.supplierAddress.exceeds.max.length":"Supplier Address exceeds max length of 100.",
  
  
  "#ItemDetails":"...",
  "label.create.new.itemdetail":"Item Details",
  "label.itemdetail.grnid":"Grn Id",
  "label.itemdetail.itemdescription":"Item Description",
  "label.itemdetail.orderedquantity":"Ordered Quantity",
  "label.itemdetail.suppliername":"Supplier Code",
  "label.itemdetail.receivedquantity":"Received Quantity",
  "label.itemdetail.serialnumber":"Serial Number",
  "label.itemdetail.quality":"Quality",
  "label.itemdetail.provisioningserialnumber":"Provisioning Serial",
  "label.itemdetail.status":"Status",
  "label.itemdetail.remarks":"Remarks",
  "label.itemdetail.itemModel":"Item Model",
  
  "#MRN":"....",
  "label.mrn.id":"Mrn Id",
  "label.mrn.serialnumber":"Serial Number",
  "label.create.move.mrn":"Move Mrn",
  "label.create.new.mrn":"Add Mrn",
  "label.mrn.requestdate":"Requested Date",
  "label.mrn.tooffice":"To Office",
  "label.mrn.item":"Item",
  "label.mrn.fromoffice":"From Office",
  "label.mrn.orderedquantity":"Ordered Quantity",
  "label.mrn.requestedquantity":"Requested Quantity",
  "label.mrn.receivedquantity":"Received Quantity",  
  "label.mrn.status":"Status",
  "label.mrn.refid":"Ref Id",
  "label.mrn.reftype":"Ref Type",
  "label.mrn.itemdescription":"Item Description",
  "label.mrn.serialnumber":"Serial Number",
  "label.mrn.moveddate":"Moved Date",
  "label.mrn.movement":"Movement",
  "label.mrn.movedfrom":"Moved From",
  "label.mrn.movedto":"Moved To",
  "#Supplier":"...",
  "label.createsupplier":"Create Supplier",
  "label.editsupplier":"Edit Supplier",
  "label.supplier.code":"Supplier Code",
  "label.supplier.description":"Supplier Description",
  "label.supplier.address":"Supplier Address",
  
    
  "#Ownhardware":"....",
   "link.add.ownhardware":"Add Owned Hardware",
   "link.edit.ownhardware":"Edit Owned Hardware",
   "table.heading.serialnumber":"Serial Number",
   "table.heading.provisioningserialnumber":"Provisioning SerialNumber",
   "table.heading.allocationdate":"Allocation Date",
   "table.heading.status":"Status",
   "table.heading.itemtype":"Item Type",
   "label.ownedhardware":"Own Device",
   "label.itemtype":"Item Type",
   "label.form.allocationdate":"Allocation Date",
   "lable.serialnumber":"Serial Number",
   "lable.provisioningserialnumber":"Provisioning SerialNumber",
   "link.view.ownhardware":"View Ownhardware",
  "#FinancialTransactions":"....",
   "table.heading.chargeid":"Charge Id",
   "table.heading.chargetype":"Charge Type",
   "table.heading.chargedescription":"Charge Description",
   "table.heading.startdate":"Charge Start Date",
   "table.heading.enddate":"Charge End Date",
   "table.heading.amount":"Charge Amount",
   "table.heading.taxdescription":"Tax Description",
   "table.heading.taxamount":"Tax Amount",
   "table.heading.discountamount":"Discount Amount",
   "table.heading.netchargeamount":"NetCharge Amount",
   "label.remark":"Remarks",
   "dialog.cancelpayment.title.message":"Cancel Payment",
   "label.cancelremark":"Remarks",
  
   "#OnetimeSale":"......",
   "table.heading.saledate":"Sale Date",
   "link.add.devicerental":"Device Renatal",
  "table.heading.itemcode":"Item Code",
  "table.heading.chargecode":"Charge Code",
  "table.heading.totalprice":"Total Price",
  "table.heading.allocate":"Allocate",
  "link.add.onetimesale":"Add",
  "label.add.client.onetimesale":"Item Sale",
  "label.chargeCode":"Charge Code",
  "label.itemCode":"Item Code",
  "label.totalPrice":"Total Price",
  "label.price":"Price",
  "label.contract":"Contract Period",
  "label.unitPrice":"Unit Price",
  "label.saleDate":"Sale Date",
  "label.rentaleDate":"Rental Date",
  "label.regions":"Regions",
  "link.allocationdetails":"Allocation Details",
  "table.heading.id":"Id",
  "table.heading.itemdescription":"Item Description",
  "table.heading.serialnumber":"Serial Number",
  "table.heading.allocationdetails":"Allocation Date",
  "label.assignserialnumber":"Assign Serial Number",
  "label.serialNumber":"Serial Number",
  "validation.msg.onetimesale.discountId.cannot.be.blank":"Please Select Discount",
  "validation.msg.onetimesale.quantity.not.greater.than.zero":"Quantity cannot be less then one",
  "validation.msg.onetimesale.saleType.cannot.be.blank":"Please Select Sale Type",
  "validation.msg.onetimesale.officeId.cannot.be.blank":"office Id cannot be blank",
  "validation.msg.onetimesale.contractPeriod.cannot.be.blank":"Please Select Contract Period",
 
  
  "#EventResources":"....",
  "label.event":"EventMaster",
  "label.createevent":"Create Event",
  "lable.viewevent":"View Event",
  "label.editevent":"Edit Event",
  "label.event.id":"Id",
  "label.event.eventname":"Event Name",
  "label.event.eventdescription":"Event Description",
  "label.event.status":"Status",
  "label.event.eventcode":"Event Code",
  "label.active":"Active",
  "label.event.startdate":"Start Date",
  "label.event.enddate":"End Date",
  "label.event.chargedata":"Charge Code",
  "label.event.eventvalidity":"Event Validity",
  "label.availablemedia":"Available Media",
  "label.selectedmedia":"Selected Media Services",
  
  "#EventPriceResources":"....",
  "label.addprice":"Add Price",
  "label.eventprice.eventid":"EventId",
  "label.eventprice.clienttype":"Client Type",
  "label.eventprice.formattype":"Format Type",
  "label.eventprice.discountcode":"Discount Code",
  "label.eventprice.opttype":"OptType",
  "label.eventprice.amount":"Amount",
  "label.eventprice.discount":"Discount",
  "label.eventprice.price":"Price",
  "label.eventprice.amount":"Amount",
  "label.vieweventprice":"View Event Price",
  "link.admin.vieweventprice":"View Event Price",
  "label.editeventprice":"Edit Event Price",
  "validation.msg.eventPricing.priority.cannot.be.blank":"Event Price cannot be blank",
  "validation.msg.eventPricing.clientType.cannot.be.blank":"Please select Client Type",
  "validation.msg.eventPricing.formatType.cannot.be.blank":"Please select format type",
  "validation.msg.eventPricing.optType.cannot.be.blank":"Please select opt type type",
  
   "#TicketResources":"....",
   "button.newTicket":"Raise Ticket",
    "label.ticket.id":"Id",
  "label.tickets":"Ticket",
  "label.viewticket":"View Ticket",
  "label.editticket":"Edit Ticket",
  "label.closeticket":"Close Ticket",
  "label.ticket.priority":"Priority",
  "label.ticket.ticketdate":"Date",
  "label.ticket.problemcode":"ProblemCode",
  "label.ticket.status":"Status",
  "label.ticket.assignto":"AssignTo",
  "label.ticket.lastcomment":"LastComment",
  "label.ticket.description":"Description" ,
  "label.ticket.category":"Category",
  "label.ticket.status":"Status",
  "label.ticket.assignedtO":"AssignTo",
  "label.ticket.comments":"Comment",
  "label.ticket.file":"Attachments",
  "label.ticket.resolutiondescription":"Resolution",
  "label.tickethistory":"Ticket History",
  "label.tickethistory.createddate":"Created Date",
  "label.tickethistory.assignto":"Assign To",
  "label.tickethistory.attachments":"Attachments",
  "label.tickethistory.comments":"Comments",
  "label.tickethistory.problemdescription":"Problem Description",
  "label.createdBy":"CreatedBy",
  "label.assignedto":"Assigned To",
  "label.closedby":"ClosedBy",
  "label.timelapsed":"Time Elapsed",
  
  "#address":".........",
  "label.viewclient":"View Client",
  "label.editaddress":"Edit Address",
  "label.address1":"Address1",
  "label.street":"Street #",
  "label.phone":"Mobile Phone",
  "label.clientcategeory":"Client Category",
  "label.addresstype":"Address Type",
  "label.addressno":"Address No",
  "error.msg.billing.address.city.not.found":"City Not Found",
  
  "#link.scheduler":"....",
  "link.scheduler":"Scheduler",
  	"#inventory":"...",
	"validation.msg.grn-allocation.supplierId.cannot.be.blank":"Supplier Code cannot be blank",
	"validation.msg.grn-allocation.orderdQuantity.cannot.be.blank":"Ordered Quantity cannot be blank",
	"validation.msg.grn-allocation.itemMasterId.cannot.be.blank":"Item Code cannot be blank",
	"validation.msg.grn-allocation.officeId.cannot.be.blank":"Office Id cannot be blank",
	"validation.msg.grn-allocation.purchaseDate.cannot.be.blank":"Purchase Date cannot be blank",
	"validation.msg.item.itemMasterId.cannot.be.blank":"Item Description cannot be blank",
	"validation.msg.item.remarks.cannot.be.blank":"Remarks cannot be blank",
	"validation.msg.item.serialNumber.cannot.be.blank":"Serial Number cannot be blank",
	"validation.msg.item.provisioningSerialNumber.cannot.be.blank":"Provisioning Serial Number cannot be blank",
	"validation.msg.item.grnId.cannot.be.blank":"Grn Id cannot be blank",
	"validation.msg.item.grnOrderdQuantity":"No more items left with this GRN Id",
	"validation.msg.item.warranty.exceeds.max.length":"Warranty do not exceeds 2 digits",
	"error.msg.item.code.duplicate.name":"Item Code already exist",
	"validation.msg.item.no.such.grnId":"GRN Id does not Exist !",
	"validation.error.msg.inventory.item.duplicate.serialNumber":"Item Details with SerialNumber already exists",
	"validation.error.msg.grnid":"Grn ID does not exist",
	"validation.error.msg.itemdetails ":" Item details already Exist",
	"validation.msg.null.fromOffice.same.as.toOffice":"Cannot transfer Items to same office",
	"validation.msg.null.toOffice.same.as.fromOffice":"Cannot transfer Items to same office",
	
	"#ownedhardware":"...",
	"validation.msg.null.serialNumber.cannot.be.blank":"Serial Number cannot be blank.",
	"validation.msg.null.provisioningSerialNumber.cannot.be.blank":"Provisioning Serial number cannot be blank.",
	"validation.error.msg.ownedhardware.duplicate.serialNumber":"Given serial number already exist for this client.",
	"validation.msg.null.itemType.cannot.be.blank":"Select a item type.",
	"validation.msg.null.allocationDate.cannot.be.blank":"Allocation date cannot be blank.",
	
	"#prospect":"...",
	"validation.msg.client.prospect.assignedTo.cannot.be.blank":"Assign cannot be blank",
	"validation.msg.client.prospect.callStatus.cannot.be.blank":"Call Status cannot be blank",
	"validation.msg.client.prospect.notes.cannot.be.blank":"Note cannot be blank",
	"validation.msg.client.prospect.preferredCallingTime.cannot.be.blank ":"Next Calling time cannot be blank",
	"validation.msg.client.prospect.firstName.cannot.be.blank":"First Name cannot be blank",
	"validation.msg.client.prospect.lastName.cannot.be.blank":"Last Name cannot be blank",
	"invalid.date.and.time.format":"Invalid Date Time Format",
	"validation.msg.client.prospect.address.cannot.be.blank":"Address cannot be blank",
	"validation.msg.client.prospect.streetArea.cannot.be.blank":"Street/Area cannot be blank",
	"validation.msg.client.prospect.cityDistrict.cannot.be.blank":"City/District cannot be blank",
	"validation.msg.client.prospect.state.cannot.be.blank":"State cannot be blank",
	"validation.msg.client.prospect.country.cannot.be.blank":"Country cannot be blank",
	"validation.msg.client.prospect.zipCode.cannot.be.blank ":"Zip Code cannot be blank",
	"validation.msg.client.prospect.email.cannot.be.blank":"Email Id cannot be blank",
	"validation.msg.client.prospect.mobileNumber.cannot.be.blank":"Mobile Phone cannot be blank",
	"validation.msg.client.prospect.prospectType.cannot.be.blank":"Type cannot be blank",
	"validation.msg.client.prospect.note.exceeds.max.length":"Note should not exceed more then 255 Character's",
	
	"#onetimesale":"...",
	"validation.msg.onetimesale.itemId.cannot.be.blank":"Item Code cannot be blank",
	"validation.msg.onetimesale.chargeCode.cannot.be.blank":"Charge Code cannot be blank",
	"validation.msg.onetimesale.unitPrice.cannot.be.blank":"Unit Price cannot be blank",
	"validation.msg.onetimesale.totalPrice.cannot.be.blank":"Total Price cannot be blank",
	"validation.msg.onetimesale.quantity.cannot.be.blank":"Quantity cannot be blank",
	
	
	"#item":"...",
	"validation.msg.onetimesales.quantity.cannot.be.blank":"Quantity cannot be blank",
	"validation.msg.onetimesales.itemId.cannot.be.blank":"Please select the Item",
	"validation.msg.item.itemDescription.cannot.be.blank":"Item Description cannot be blank",
	"validation.msg.item.unitPrice.cannot.be.blank":"Unit Price cannot be blank",
	"validation.msg.item.warranty.cannot.be.blank":"Warranty cannot be blank",
	"validation.msg.item.chargeCode.cannot.be.blank":"Charge Code cannot be blank",
	"validation.msg.item.itemClass.cannot.be.blank":"Item Class cannot be blank",
	"validation.msg.item.itemCode.cannot.be.blank":"Item Code cannot be blank",
	"validation.msg.item.units.cannot.be.blank":"Units cannot be blank",
	"validation.msg.mediaasset.mediaTitle.cannot.be.blank":"Titile cannot be blank",
	
 "#media details":"...", 	 
 "validation.msg.mediaasset.mediatype.cannot.be.blank":"Please select MediaType",
 "validation.msg.mediaasset.catageoryId.cannot.be.blank":"Please select Category",
 "validation.msg.mediaasset.mediaImage.cannot.be.blank":"Image cannot be blank",
 "validation.msg.mediaasset.duration.cannot.be.blank":"Duration cannot be blank",
 "validation.msg.mediaasset.genre.cannot.be.blank":"Genre cannot be blank",
 "validation.msg.mediaasset.contentProvider.cannot.be.blank":"Please select Content Provider",
 "validation.msg.mediaasset.releaseDate.cannot.be.blank":"Release Date cannot be blank",
 "validation.msg.mediaasset.rated.cannot.be.blank":"Rated cannot be blank",
 "validation.msg.mediaasset.mediaRating.cannot.be.blank":"Rating cannot be blank",
 "validation.msg.mediaasset.status.cannot.be.blank":"Please select Status",
 "validation.msg.mediaasset.mediaassetAttributes.not.greater.than.zero":"Please Add atleast One Media Attributes",
 "validation.msg.mediaasset.mediaAssetLocations.not.greater.than.zero":"Please Add atleast One Media Location",
 "validation.msg.mediaasset.attributeName.cannot.be.blank":"Attribute Name  cannot be blank",
 "validation.msg.mediaasset.attributevalue.cannot.be.blank":"Attribute Value cannot be blank",
 "validation.msg.mediaasset.attributeNickname.cannot.be.blank":"NickName Cannot be blank",
 "validation.msg.mediaasset.attributeImage.cannot.be.blank":"Image cannot be blank",
 "validation.msg.mediaasset.languageId.cannot.be.blank":"Language Id cannot be blank",
 "validation.msg.mediaasset.formatType.cannot.be.blank":"Please select Format Type",
 "validation.msg.mediaasset.location.cannot.be.blank":"Location Cannot be blank",
 "validation.msg.mediaasset.cpShareValue.cannot.be.blank":"Share Value Cannot be blank",
 "validation.msg.mediaasset.subject.cannot.be.blank":"Subject Cannot be blank",
 
 
 "validation.msg.message.templateDescription.cannot.be.blank":"TemplateDescription cannot be blank",
 "validation.msg.message.subject.cannot.be.blank":"subject cannot be blank",
 "validation.msg.message.header.cannot.be.blank":"header cannot be blank",
 "validation.msg.message.body.cannot.be.blank":"body cannot be blank",
 "validation.msg.message.footer.cannot.be.blank":"footer cannot be blank",


 "validation.msg.region.regionCode.cannot.be.blank":"Region Code cannot be blank",
 "validation.msg.region.countryId.cannot.be.blank":"Please Select Country",
 "validation.msg.region.regionName.cannot.be.blank":"Region Name cannot be blank",
 "validation.msg.region.states.cannot.be.empty":"Please Select atleast one State",
 "error.msg.country.region.already.exist":"Country with this region already exist",
 
 
"validation.msg.randomGenerator.batchName.cannot.be.blank":"Batch Name cannot be blank",
"validation.msg.randomGenerator.batchDescription.cannot.be.blank":"Batch Description cannot be blank",
"validation.msg.randomGenerator.length.cannot.be.blank":"Length Of Pin cannot be blank",
"validation.msg.randomGenerator.beginWith.cannot.be.blank":"Begin With cannot be blank",
"validation.msg.randomGenerator.pinExtention.cannot.be.blank":"pinExtention cannot be blank",
"validation.msg.randomGenerator.pinCategory.cannot.be.blank":"Pin Category cannot be blank", 
"validation.msg.randomGenerator.quantity.cannot.be.blank":"Quantity cannot be blank",
"validation.msg.randomGenerator.serialNo.cannot.be.blank":"Serial No Length BeginsWith cannot be blank",
"validation.msg.randomGenerator.pinValue.cannot.be.blank":"Pin Value  cannot be blank",
"validation.msg.randomGenerator.expiryDate.cannot.be.blank":"ExpiryDate cannot be blank", 
"validation.msg.randomGenerator.pinType.cannot.be.blank":"PinType cannot be blank", 
"validation.msg.randomGenerator.productValue.cannot.be.blank":"Please select plan",
"error.msg.code.duplicate.batchname":"BatchName is already existed with {0}",
 
 
"validation.msg.ticketmaster.description.cannot.be.blank":"Description cannot be blank",
"validation.msg.ticketmaster.assignedTo.cannot.be.blank":"AssignedTo cannot be blank",
"validation.msg.ticketmaster.priority.cannot.be.blank":"Priority cannot be blank",
"validation.msg.ticketmaster.problemCode.cannot.be.blank":"Category cannot be blank",
"validation.msg.ticketmaster.status.cannot.be.blank":"Status cannot be blank",
"validation.msg.ticketmaster.resolutionDescription.cannot.be.blank":"Resolution cannot be blank",
"invalid.date.format":"Invalid Date",

"validation.msg.adjustment.amount_paid.cannot.be.blank":"Adjustment amount cannot be blank",


"validation.msg.payment.amountPaid.cannot.be.blank":"Amount Paid cannot be blank",
"validation.msg.payment.chequeNo.cannot.be.blank":"Check No cannot be blank",
"validation.msg.payment.chequeDate.cannot.be.blank":"Cheque Date cannot be blank",
"validation.msg.payment.bankName.cannot.be.blank":"Bank Name cannot be blank",
"validation.msg.payment.branchName.cannot.be.blank":"Branch Name cannot be blank",
"validation.msg.payment.receiptNo.cannot.be.blank ":"Receipt No cannot be blank",
"validation.msg.payment.amountPaid.cannot.be.blank":"Amount field cannot be blank",


"validation.msg.onetimesale.itemId.cannot.be.blank":"Item Code cannot be blank",
"validation.msg.onetimesale.chargeCode.cannot.be.blank":"Charge Code cannot be blank",
"validation.msg.onetimesale.unitPrice.cannot.be.blank":"Unit Price cannot be blank",
"validation.msg.onetimesale.totalPrice.cannot.be.blank":"Total Price cannot be blank",
"validation.msg.onetimesale.quantity.cannot.be.blank":"Quantity cannot be blank",

"validation.msg.null.serialNumber.cannot.be.blank":"Serial Number cannot be blank",
"validation.msg.null.provisioningSerialNumber.cannot.be.blank":"Provisioning Serial number cannot be blank",
"validation.error.msg.ownedhardware.duplicate.serialNumber":"Given serial number already exist in item details",
"validation.msg.null.itemType.cannot.be.blank":"Select a item type",
"validation.msg.null.allocationDate.cannot.be.blank":"Allocation date cannot be blank",



"validation.msg.client.prospect.zipCode.value..is.not.valid.zip.code":"Invalid zip code",
"validation.msg.client.prospect.mobileNumber.value..is.not.valid.contact.number":"Invalid mobile number",
"validation.msg.client.prospect.homePhoneNumber.value..is.not.valid.contact.number":"Invalid home contact number",
"validation.msg.client.prospect.workPhoneNumber.value..is.not.valid.contact.number":"Invalid office contact number",

"validation.msg.client.prospect.assignedTo.cannot.be.blank":"Assign cannot be blank",
"validation.msg.client.prospect.callStatus.cannot.be.blank":"Call Status cannot be blank",
"validation.msg.client.prospect.notes.cannot.be.blank":"Note cannot be blank",
"validation.msg.client.prospect.preferredCallingTime.cannot.be.blank ":"Next Calling time cannot be blank",
"validation.msg.client.prospect.firstName.cannot.be.blank":"First Name cannot be blank",
"validation.msg.client.prospect.lastName.cannot.be.blank":"Last Name cannot be blank",
"invalid.date.and.time.format":"Invalid Date Time Format",
"validation.msg.client.prospect.address.cannot.be.blank":"Address cannot be blank",
"validation.msg.client.prospect.streetArea.cannot.be.blank":"Street/Area cannot be blank",
"validation.msg.client.prospect.cityDistrict.cannot.be.blank":"City/District cannot be blank",
"validation.msg.client.prospect.state.cannot.be.blank":"State cannot be blank",
"validation.msg.client.prospect.country.cannot.be.blank":"Country cannot be blank",
"validation.msg.client.prospect.zipCode.cannot.be.blank":"Zip Code cannot be blank",
"validation.msg.client.prospect.email.cannot.be.blank":"Email Id cannot be blank",
"validation.msg.client.prospect.mobileNumber.cannot.be.blank":"Mobile Phone cannot be blank",
"validation.msg.client.prospect.note.cannot.be.blank":"Note cannot be blank",
"validation.msg.client.prospect.homePhoneNumber.cannot.be.blank":"Home Phone cannot be blank",
"validation.msg.client.prospect.workPhoneNumber.cannot.be.blank":"Office Phone cannot be blank",

 

  "validation.msg.price.price.cannot.be.blank":"price cannot be blank",
  "event.is.already.exists.with.format":"Event Price is already exist with format type {0}",
 "validation.msg.eventmaster.eventName.cannot.be.blank":"Event Name cannot be blank",
 "validation.msg.eventmaster.eventStartDate.cannot.be.blank":"Event Description cannot be blank",
 "validation.msg.eventmaster.eventValidity.cannot.be.blank":"Event Validity cannot be blank",
 "validation.msg.eventmaster.services.cannot.be.empty":"Please select atleast one media",
 "validation.msg.eventmaster.status.cannot.be.blank":"Please select status",
 "validation.msg.eventmaster.chargeCode.cannot.be.blank":"Event Code cannot be blank",
 
 
 "validation.msg.plan.services.cannot.be.blank":"Please select atleast one service",
"validation.msg.plan.planCode.cannot.be.blank":"Please select the planCode",
"validation.msg.plan.startDate.cannot.be.blank ":"Start date cannot be blank",
"validation.msg.plan.services.cannot.be.empty ":"Please select atleast one service",
"validation.msg.plan.duration.cannot.be.blank":"Duration cannot be blank",
"validation.msg.plan.volume.cannot.be.blank":"Volume cannot be blank",
"validation.msg.plan.units.cannot.be.blank":"Units cannot be blank",
"plan.is.already.exists.with.charge.code":"Price is already exist with same charge code",
"validation.msg.plan.provisioingSystem.cannot.be.blank":"Provisioning System cannot be blank",
"validation.msg.plan.status.cannot.be.blank":"Plan Status cannot be blank",
"validation.msg.plan.planDescription.cannot.be.blank":"Plan Description cannot be blank",
"validation.msg.plan.billRule.cannot.be.blank":"Billing Rule cannot be blank",


"validation.msg.order.planCode.cannot.be.blank":"Please Select the Plan",
"validation.msg.order.paytermCode.cannot.be.blank ":"Billing Frequency cannot be blank",
"error.msg.no.active.price.available.for.this.plan":"No Active Prices Are Available For This Plan",
"validation.msg.order.renewalPeriod.cannot.be.blank":"Please Select the Renewal Period",
"validation.msg.order.disconnectReason.cannot.be.blank":"Please Select the reason for disconnect",


"validation.msg.subscriptoins.subscriptionPeriod.cannot.be.blank":"Subscription Period cannot be blank",
"validation.msg.subscriptoins.units.cannot.be.blank":"Units cannot be blank",

"validation.msg.subscriptoins.subscriptionType.cannot.be.blank":"Please select Subscription type",
"validation.msg.staff.firstname.cannot.be.blank":"First name cannot be blank",
"validation.msg.staff.lastname.cannot.be.blank":"Last name cannot be blank",


"validation.msg.service.serviceUnitType.cannot.be.blank":"Service Unit Type cannot be blank",
"validation.msg.service.serviceCode.cannot.be.blank":"Service Code cannot be blank",
"validation.msg.service.serviceDescription.cannot.be.blank":"Service Description cannot be blank",
"validation.msg.service.serviceType.cannot.be.blank":"Service Type cannot be blank",
"error.msg.code.duplicate.name":"Service is already existed with Service Code",

 "validation.msg.invoice.systemDate.cannot.be.blank":"Processing date cannot be blank",
 "validation.msg.billmaster.dueDate.cannot.be.blank":"DueDate cannot be blank",

 "validation.msg.client.addressNo.cannot.be.blank":"Address field cannot be blank",
 "validation.msg.client.street.cannot.be.blank":"Street cannot be blank",
 "validation.msg.client.city.cannot.be.blank":"City cannot be blank",
 "validation.msg.client.state.cannot.be.blank":"State cannot be blank",
 "validation.msg.client.country.cannot.be.blank":"Country cannot be blank",
 "validation.msg.client.zipCode.cannot.be.blank":"ZipCode cannot be blank",
 "validation.msg.client.phone.cannot.be.blank":"Phone Number cannot be blank",
 "validation.msg.client.email.cannot.be.blank":"Email cannot be blank",
 "validation.msg.client.phone.exceeds.max.length":"Invalid phone Number",
 "validation.msg.client.login.cannot.be.blank":"Login cannot be blank",
 "validation.msg.client.password.cannot.be.blank":"Password cannot be blank",
 "error.msg.client.duplicate.email":"Client with this email already exists",
 "error.msg.regional.price.not.found":"No Regional Price found for this plan",

 "error.msg.select.atleast.one.schedule.job":"Please select SheduleJobs to run",
 "validation.msg.schedulerjob.displayName.cannot.be.blank":"Display cannot be blank",
 "validation.msg.schedulerjob.jobName.cannot.be.blank":"Please select Job",
 "validation.msg.schedulerjob.cronExpression.cannot.be.blank":"CronExpression cannot be blank",
 "error.msg.job.initialization.failed":"Job initialization failed",

 "validation.msg.null.batchType.exceeds.max.length":"Batch Type exceeds maximum length, must be of 1 character only",
 "validation.msg.null.status.exceeds.max.length":"Status exceeds maximum length, must be of 1 character only",
 "validation.msg.null.batchType.cannot.be.blank":"Batch Type cannot be blank",
 "validation.msg.null.status.cannot.be.blank":"Status cannot be blank",
 "validation.msg.null.batchName.not.zero.or.greater":"Select Batch name",
 "validation.msg.null.process.not.zero.or.greater":"Select Process type",

 "validation.msg.null.scheduleType.exceeds.max.length":"Schedule Type exceeds maximum length, must be of 1 character only",
 "validation.msg.null.scheduleType.not.zero.or.greater":"Select a Schedule Type",
 "validation.msg.null.scheduleTime.cannot.be.blank":"Enter Schedule Time",
 "validation.msg.null.msgTemplateDescription.not.zero.or.greater":"Select Message Template",
 "validation.msg.null.scheduleType.is.not.one.of.expected.enumerations":"This feature is not available",

 "validation.msg.taxmap.chargeCode.not.zero.or.greater":"Missing Chargecode",
 "validation.msg.chargecode.billFrequencyCode.not.zero.or.greater":"Missing Bill Frequency Code",
 "validation.msg.chargecode.chargeType.not.zero.or.greater":"Missing Charge Type",
 "validation.msg.chargecode.durationType.not.zero.or.greater":"Missing Duration Type",
 "validation.msg.taxmap.type.not.zero.or.greater":"Missing Type",
 "validation.msg.taxmap.taxCode.cannot.be.blank":"Tax Code Cannot be blank",
 "validation.msg.taxmap.rate.cannot.be.blank":"Tax Rate cannot be blank", 
 "validation.msg.chargecode.chargeCode.cannot.be.blank":"Charge Code cannot be blank",
 "validation.msg.chargecode.chargeDescription.cannot.be.blank":"Charge Code Description cannot be blank",
 "validation.msg.chargecode.chargeDuration.cannot.be.blank":"Charge Duration cannot be blank",
 "validation.error.message.chargecode.duplicate.chargecode":"Charge Code Already Exist",

 "#Mapping Configuration":"..........",
 "label.managemappingconfigurations":"Mapping Configurations",
 "table.servicemapping.id":"Id",
 "table.servicemapping.servicecode":"Service Code",
 "table.servicemapping.serviceidentification":"Service Identification",
 "table.servicemapping.status":"Status",
 "table.servicemapping.image":"Image",
 "label.category":"Category",
 "label.subcategory":"Sub Category",
 "table.heading.id":"Id",
  "table.heading.serviceCode":"Service Code",
  "table.heading.serviceIndentification":"Service Identification",
  "table.heading.status":"Status",
  "table.heading.image":"Image",
  "label.create.new.serviceMapping":"Create Service Mapping",
  "label.serviceMapping":"Service Mapping",
  "label.serviceIdentification":"Service Identification",
  "label.serviceCode":"Service Code",
  "label.image":"Image",
  "validation.msg.ServiceMapping.serviceId.cannot.be.blank":"Service Code cannot be blank",
  "validation.msg.ServiceMapping.serviceIdentification.cannot.be.blank":"Service Identification cannot be blank",
  "validation.msg.ServiceMapping.status.cannot.be.blank":"Status cannot be blank",
  "validation.msg.ServiceMapping.image.cannot.be.blank":"Image cannot be blank", 
  "validation.msg.planmappig.planCode.cannot.be.blank":"Plan Code cannot be blank",
  "validation.msg.planmappig.itemCode.cannot.be.blank":"Item Code cannot be blank",
  "error.msg.service.mapping.duplicate":"Mapping has already done with this service",
  
  "#HardWareMapping":"...........",
  "table.hardwaremapping.id":"Id",
  "table.hardwaremapping.plancode":"Plan Code",
  "table.hardwaremapping.itemcode":"Item Code",
  "label.createhardwareplanmapping":"Create HardwareMapping",
  "label.plancode":"Plan code",  
  "label.edithardwareplanmapping":"Edit Hardware Mapping",
  "error.msg.item.code.already.configured":"HardWare is Already Configured with this plan",
  "error.msg.configuration.duplicate.name":"HardWare is Already Configured with this plan",
  
 "#Association":"...........",
 "label.viewassociation":"View Association",
 "label.createassociation":"Create Association",
 "label.viewassociation.plancode":"View Association",
 "label.editassociation":"Edit Association",
 "label.association.plancode":"Plan Code",
 "label.association.serialno":"SerialNo",
 "label.association.id":"id",
 "label.association.plan":"Plan Code",
 "label.association.order":"Order Id",
 "validation.msg.association.planId.cannot.be.blank":"Please select Plan",
 "validation.msg.association.orderId.cannot.be.blank":"Please select Order",
 "validation.msg.association.serialNo.cannot.be.blank":"Please select Serial Number",	
  
"#Dialog":"...",
"dialog.item.title.message":"Delete Item",  
"dialog.invoice.title.message":"Do Invoice",
"dialog.invoice.title.job":"Job Parameters",
"dialog.statement.title.message":"Prepare Statement",
  

"dialog.reconnect.title.message":"Reconnect",
"dialog.terminate.title.message":"Terminate",
"dialog.suspend.title.message":"Suspend",  
"dialog.confirm.title.message":"Confirm Request",

"#Profile":"......",
"label.heading.userid":"User ID",
"label.heading.username":"User Name",
"label.heading.office": "Office",
"label.heading.status": "Status",
"label.heading.role": "Role",
"label.heading.description": "Description",
"label.button.viewpermissions":"View Permissions",  
"dialog.reconnect.title.message":"Reconnect"  ,

"#ProvisioningCommands":"...",
"table.provisioningcommands.id":"Id",
"table.provisioningcommands.provisioningsystem":"Provisioning System",
"table.provisioningcommands.commandname":"Command Name",
"table.provisioningcommands.status":"Status",
"label.createProvisioningmapping":"Create Provisioning", 
"table.provisioningsystem.parameters":"Command Parameters",
"table.provisioningsystem.commandParam":"Command Param",
"table.provisioningsystem.paramType":"Param Type",
"label.viewProvisioningmapping":"View Provisioning",
"label.editprovisioningmapping":"Edit Provisioning",
"label.viewprovisioningmapping":"View Provisioning",
"validation.msg.order.message.exceeds.max.length":"message length not exceeds 160 characters",
"dialog.provisioning.title.message":"Provisioning Commands",
"validation.msg.onetimesale.unitPrice.not.greater.than.zero":"Quantity must be greater than zero",


"#userChat":".............",
"label.heading.usernotification":"User Notification",
"button.addmessage":"New Message",
"label.user.name":"User Name",
"label.systemdatetime":"System Datetime",
"validation.msg.userchat.userName.cannot.be.blank":"User Name cannot be blank",
"validation.msg.userchat.message.cannot.be.blank":"Message cannot be blank",
"validation.msg.userchat.messageDate.cannot.be.blank":"System Date cannot be blank",

"label.searchorpress":"Click to focus or press alt+x",

"#EventAction Mapping":"...",
"table.eventactionmapping.event":"Event",
"table.eventactionmapping.action":"Action",
"table.eventactionmapping.process":"Process",
"label.create.new.EventMapping":"Create EventAction Mapping",
"label.edit.new.EventMapping":"Edit EventAction Mapping",
"error.msg.event.name.already.configured":"Event Name Already configured with this Action",
"label.searchorpress":"Click to focus or press alt+x",

"#PaymentGatewayCommands":"...",
"label.paymentgateway.source":"Source",
"link.paymentgateway":"PaymentGateway",
"label.managepaymentgateway":"Payment Gateway",
"label.editpaymentgateway":"Edit PaymentGateway",
"label.paymentgateway.remarks":"Remarks",
"label.managepaymentgateway":"Payment Gateway",
"table.paymentgateway.id":"id",
"table.paymentgateway.paymentId":"PaymentId",
"table.paymentgateway.serialNo":"SerialNo",
"table.paymentgateway.status":"Status",
"table.paymentgateway.paymentId":"PaymentId",
"table.paymentgateway.amountPaid":"Amount Paid",
"table.paymentgateway.paymentDate":"Payment Date",
"table.paymentgateway.receiptNo":"ReceiptNo",
"table.paymentgateway.paymentdate":"Payment Date",
"label.paymentgateway.status":"Status",
"validation.msg.paymentgateway.remarks.cannot.be.blank":"Remarks cannot be blank",
"validation.msg.paymentgateway.status.cannot.be.blank":"Please select Status",
"validation.msg.message.body.exceeds.max.length":"message length not exceeds 160 characters",
"label.provisioning.commandname":"Command",
"table.paymentgateway.phoneno":"Phone MSISDN",
"table.paymentgateway.remarks":"Remarks",
"validation.msg.client.homePhoneNumber.exceeds.max.length" : "Home Phone Number exceeds maximum length",
"invalid.serial.no" : "Invalid Serial Number",
"error.message.paymenttypeval.required" : "Please Select Payment Type",
"error.message.amountval.required" : "Amount cannot be blank",
"error.message.receiptNo.required" : "Receipt Number cannot be blank",
"error.message.futuredate.required" : "Future dated transactions are not allowed",
"error.msg.receipt.no.duplicate.exception" : "Receipt Number is Already Exist",
"tab.discount" : "Discounts",
"tab.PromotionCode" : "Promotion Codes",
"link.create.new.PromotionCode" : "Create Promotioncode",
"table.heading.PromotionCode" : "Promotion Code",
"table.heading.promotionDescription"   : "Promotion Description",
"table.heading.DurationType" : "Duration Type",
"table.heading.Duration"  : "Duration",
"label.createpromotioncode" : "Create Promotion Code",
"label.promotionCode" : "Promotion Code",
"label.promotionDescription" : "Promotion Description",
"label.duration" : "Duration",
"label.viewPromotioncode" : "View Promotioncode",
"label.editpromotioncode" : "Edit PromotionCode",
"validation.msg.promotioncodes.promotioncode.cannot.be.blank" : "Promotion Code cannot be blank",
"validation.msg.promotioncodes.description.cannot.be.blank" : "Promotion Description cannot be blank",
"validation.msg.promotioncodes.durationtype.cannot.be.blank" : "Duration Type cannot be blank",
"validation.msg.promotioncodes.duration.cannot.be.blank" : "Duration cannot be blank",
"validation.msg.promotioncodes.discounttype.cannot.be.blank" : "Discount Type cannot be blank",
"validation.msg.promotioncodes.discountRate.cannot.be.blank" : "Discount Rate cannot be blank",

"label.anchor.help" : "Help",
"label.anchor.shortcuts" : "Shortcuts",
"label.heading.keyboarshortcuts":"Keyboard Shortcuts",
"label.heading.navigation":"Navigation Page",
"label.heading.tasks":"Checker Inbox & Pending Tasks",
"label.heading.collectionsheet":"Collection Sheet",
"label.heading.frequentposting":"Frequent Posting",
"label.heading.closureentries":"Closure Entries",
"label.heading.journalentry":"Journal Entry",
"label.heading.reports":"Reports",
"label.heading.saveorsubmit":"Save/Submit Forms",
"label.heading.cancel":"Cancel",
"label.heading.runreport":"Run Report",
"label.heading.logout":"Logout",
"label.heading.search":"Search",
"label.heading.smartsearch":"Smart Search",
"label.heading.createclient":"Create Client",
"label.heading.creategroup": "Create Group",
"label.heading.createcenter": "Create Center",
"label.heading.help":"Help",
"label.heading.next":"Pagination: Next",
"label.heading.prev":"pagination: Previous",
"label.manageaddresses" : "Manage Addresses",
"table.heading.countryName" : "Country Name",
"table.heading.StateName" : "State Name",
"table.heading.cityName" : "City Name",
"button.payInvoice" : "Pay Invoice",
"button.distribution" : "Distribute",

"table.heading.distributionDate":"Distribution Date",
"table.heading.paymentId":"Payment Id",
"table.heading.invoiceId":"Invoice Id",
"table.heading.amount":"Amount",

"label.extensionperiod":"Extension Period",
"label.extensionreason":"Extension Reason",
"label.extension":"Extension",
"#Simple Activation":"............",
"label.name":"Name",
"label.activation.plan":"Plan",
"label.activation.phone":"Phone",


"#Provisioning":"........",
"link.provision":"Provision",
"link.provision.edit":"Edit Provision",
"label.provisioning.New":"New Provision",
"label.provisioning.edit":"Edit Provision",
"label.provisioning.clientname":"Name",
"label.provisioning.device":"Device",
"label.provisioning.service":"Service",
"label.provisioning.servicename":"Service Name",
"label.provisioning.group":"Group Name",
"label.provisioning.ipaddress":"Ip Address",
"label.provisioning.vlan":"VLAN",
"button.provisioning":"Provision",

"#Simple Activation":"............",
"label.name":"Name",
"label.activation.plan":"Plan",
"label.activation.phone":"Phone",
"label.activation.recieptno":"Reciept No",
"label.activation.amount":"Amount",
"lable.fullname":"Full Name",


"#IpPooling Details":"....",
"label.manageippooling":"IpPool Management",
"label.iptype":"Ip Type",
"table.ippooling.id":"id",
"table.ippooling.ipaddress":"ipAddress",
"table.ippooling.ippooldescription":"Net Mask",
"table.ippooling.clientId":"ClientId",
"table.ippooling.status":"Status",
"label.ippooling.createippool":"Create IpPool",
"label.ippooling.description":"Description",
"label.ippooling.ipaddress":"ipAddress",
"label.ippooling.subnet":"Subnet",
"table.ippooling.clientname":"Client Name",
"label.ippooling.editippool":"Edit IpPool",
"table.ippooling.notes":"Notes",
"validation.msg.null.ipPoolDescription.cannot.be.blank":"Ip pool description can not be blank",
"validation.msg.null.ipAddress.cannot.be.blank":"Ip Address can not be blank",
"office payments,adjustments":"...........",
"validation.msg.officepayment.receiptNo.cannot.be.blank":"Receipt No can not be blank",
"validation.msg.officepayment.paymentCode.cannot.be.blank":"Payment Type can not be blank",
"validation.msg.officepayment.amountPaid.cannot.be.blank":" Amount can not be blank",
"validation.msg.officeadjustment.adjustment_code.cannot.be.blank":" Adjustment Code can not be blank",
"validation.msg.officeadjustment.amount_paid.cannot.be.blank":"Adjustment Amount can not be blank",
"error.msg.officePayment_receiptNo.duplicate.name":"Receipt Number is Already Exist",
"error.msg.ipaddress.not.available.to.assign":"Ip Address is not available to assign",
"error.msg.ipaddress.already.allocated.please.select.another.iprange":"Ip addresses are already allocated.please select another ip range",
"validation.msg.provisioning.IP_ADDRESS.cannot.be.empty":"Ip Address can not br blank",
"validation.msg.null.statusType.cannot.be.blank":"Status Type cannot be blank",
"error.msg.ipaddress.give.incremental.iprange":"Please give IP Address range in incremental way",

"#Redemption":".......",
"validation.msg.redemption.clientId.cannot.be.blank":"Client id cannot be blank",
"validation.msg.redemption.pinNumber.cannot.be.blank":"Pin Number cannot be blank",
"error.msg.client.id.invalid":"Invalid Client Id",
"#Add CreditCard":".....",
"link.view.creditcard":"CreditCard",
"label.client.creditcard":"Add CreditCard Details",
"label.carddetails.id":"id  : ",
"label.client.creditcard.name":"Name on Card : ",
"label.client.creditcard.cardnumber":" Card Number : ",
"label.client.creditcard.expirydate":"Expiry Date : ",
"label.client.achcard":"ACH Details",
"label.client.achcard.name":"Name on Customer Account : ",
"label.client.achcard.routingNumber":"ABA Routing Number : ",
"label.client.achcard.bankAccountNumber":"Bank Account Number : ",
"label.client.achcard.bankName":"Bank Name : ",
"label.client.achcard.accountType":"Account Type : ",
"table.heading.cardNumber":"Card Number",
"table.heading.cardExpiryDate":"Expiry Date",
"table.heading.routingNumber":"ABA Routing Number",
"table.heading.bankName":"Bank Name",
"table.heading.bankAccountNumber":"Bank Account Number",
"table.heading.accountType":"Account Type",
"label.viewcarddetails":"View Card Details",
"link.view.editcarddetails":"Edit Card Details",
"validation.msg.groupsdetails.groupName.cannot.be.blank":"Group Name can not be blank",
"validation.msg.groupsdetails.groupAddress.cannot.be.blank":"Group Address can not be blank",
"validation.msg.groupsdetails.attribute1.cannot.be.blank":"1.Field can not be blank",
"validation.msg.groupsdetails.attribute2.cannot.be.blank":"2.Field can not be blank",
"validation.msg.groupsdetails.attribute3.cannot.be.blank":"3.Field can not be blank",
"validation.msg.groupsdetails.attribute4.cannot.be.blank":"4.Field can not be blank",
"table.heading.cardType":"Card Type",
"table.heading.cvvNumber":"Cvv Number",
"label.client.creditcard.cvvNumber":"Cvv Number",
"label.client.creditcard.cardType":"Card Type",
"link.view.achcard":"ACH Details",
"label.downloadpaymentgateway":"Download PaymentGateway Data",
"label.paymentgateway.category":"Select Payment Source",
"label.downloadfinancialsummary":"Download Financial Summary Data",
"button.downloadtocsv":"Download",
"button.exportfinancialcsv/pdf":"Export CSV/PDF",
"label.downloadtype.format":"Download Format",
"#Provising It":"",
 "validation.msg.provisioning.serviceName.cannot.be.blank":"Please Select Service Name",
 "validation.msg.provisioning.GROUP_NAME.cannot.be.blank":"Group Name cannot be blank",
 "validation.msg.provisioning.IP_ADDRESS.cannot.be.blank":"Ip Address cannot be blank",
 "validation.msg.provisioning.SERVICE.cannot.be.blank":"Service cannot be blank",
 "validation.msg.provisioning.VLAN_ID.cannot.be.blank":"Please Select VLAN",
 "label.provisioning.subnetIP":"Subnet IP",
 "error.msg.duplicate.ipaddresses.are.not allow.to.assign":"Duplicate ip's are not allow to assign",
 
 "#Billing Modes":"",
 "validation.msg.billMode.billMode.cannot.be.blank":"Bill Modes cannot be blank",
 
 "#Manage tables":"",
 "label.columntypeerr": "Type require",
 "label.columnnameerr": "Column name require",
 "error.msg.click.on.add.to.add.columns": "Click on '+' to add columns",
 "validation.msg.datatable.datatableName.cannot.be.blank":"Data tablename cannot be blank",
 "validation.msg.datatable.apptableName.cannot.be.blank":"Application tablename cannot be blank",
 "error.msg.column.mandatory": "Mandatory field not provided.",

 
 "#planMapping":"........",
"table.planmapping.id":"id",
"table.planmapping.planCode":"Plan Code",
"table.planmapping.planIdentification":"Plan Identification",
"table.planmapping.planStatus":"Status",
"label.planMapping":"Plan Mapping",
"label.create.new.planMapping":"Create Plan Mapping",
"label.planCode":"Plan Code",
"label.planIdentification":"Plan Identification",
"label.status":"Status",
"label.viewplanmappingconfigurations":"View Plan Mapping",
"label.editplanmapping":"Edit Plan Mapping",

"#Validations of PlanMapping":".........",
"validation.msg.planmapping.status.cannot.be.blank":"Status cannot be blank",
"validation.msg.planmapping.planIdentification.cannot.be.blank":"Plan Identification cannot be blank",
"validation.msg.planmapping.planId.cannot.be.blank":"Plan Code cannot be blank",

"#Mcodes":"",
"validation.msg.code.name.cannot.be.blank":"Name cannot be blank",

"#client&parent":"",
"error.msg.client.Not parent.himself.can.not.be.parent.to his.account":"Himself can not be parent to his account",
"error.msg.client.Not Parent.he.is. already. a parent.to.some other clients":"He is already a parent to some other clients",
"error.msg.client.Not Parent.can.not.be.parent.to this.account":"Can not be parent to this account",

"#CUG":"......",
"label.cug.groupcir":"Group CIR",
"label.cug.dir":"DIR",
"label.cug.membercir":"Member CIR",
"label.cug.additionalinfo":"Additional information",
"label.cug.addgroup":"Add Group",
"label.cug.groupaddress":"Group Address",
"label.options":"Options",
"#ParentsChildrelationships":"......",
"label.childid":"ChildId",
"label.parentid":"ParentID",
"label.parentname":"ParentName",
"label.parentorchildaccount":"AccountNo",
"#eventactionmapping":"......",
"validation.msg.eventactionmapping.event.cannot.be.blank":"Please select Event",
"validation.msg.eventactionmapping.action.cannot.be.blank":"Please select Action",
"validation.msg.eventactionmapping.process.cannot.be.blank":"Process Cannot be blank",
"label.id":"Id",
"#hardwareplans":"......",
"validation.msg.hardwareplan.planCode.cannot.be.blank":"Please select Plan Code",
"validation.msg.hardwareplan.itemCode.cannot.be.blank":"Please select Item Code",


"#SMTP":"......",
 "error.msg.smtp.duplicate.username":"Already exists with this name",
"validation.msg.globalConfiguration.mailId.cannot.be.blank":"Email Id cannot be blank",
"validation.msg.globalConfiguration.password.cannot.be.blank":"Password cannot be blank",
"validation.msg.globalConfiguration.hostName.cannot.be.blank":"Host Name cannot be blank",
"validation.msg.globalConfiguration.userName.cannot.be.blank":"Name cannot be blank",
"validation.msg.note.note.cannot.be.blank":"Note cannot be blank"










}
