{
  "app lebels start" :"----------------------------------------------------",		
  "label.product.title" : "Billing-X Client",
  "label.change.language" : "Cambiar el idioma:",
  "label.username" : "Nombre de usuario",
  "label.password" : "Contraseña",
  "label.signin":"Ingresar",
  "label.systemid": "Id System :",
  "label.loanofficer" : "Oficial de préstamo :",
  "label.product.name" : "Billing X",
  "label.product.version" : "Versión 1.6.3",
  "label.product.status" : "BillingX es hasta la fecha",
  "label.product.aboutus1" : "BillingX está diseñado por el ",
  "label.product.aboutus2" : "comunidad mundial",
  "label.product.aboutus3" : "trabajando juntos por más pobres, especialmente las mujeres, tener acceso a los servicios financieros.",
  "label.get.involved1" : "¿Suena interesante?",
  "label.get.involved2" : "involúcrese!",
  "label.community.name" : "COSM",
  "label.resources" : "Recursos",
  "label.usermanual" : "Manual de usuario",
  "label.functional.spec" : "Especificación Funcional",
  "label.faq" : "Preguntas más frecuentes",
  "label.community" : "Comunitario",
  "label.users.group" : "Grupo de Usuarios",
  "label.developer.group" : "Grupo Desarrollador",
  "label.product.irc" : "IRC",
  "label.product.news" : "Noticias y próximos eventos",
  "error.login.failed":"Por favor, inténtelo de nuevo, su credenciales not son válidas",

  "link.home" : "Home",
  "link.tasks" : "Tareas",
  "link.clients" : "Clientes",
  "link.accounting": "Contabilidad",
  "link.reports" : "Informes",
  "link.products" : "Productos",
  "link.admin" : "Admin",
  "link.clients.clients" : "Clientes",
  "link.clients.groups" : "Grupos",
  "link.clients.centers" : "centros",
  "link.reports.all" : "All",
  "link.reports.clients" : "Clientes",
  "link.reports.loans" : "Préstamos",
  "link.reports.funds" : "Fondos",
  "link.reports.accounting" : "Contabilidad",
  "link.products.loanproducts" : "los productos de crédito",
  "link.products.savingproducts" : "los productos de ahorro",
  "link.products.productsmix" : "Productos Mix",
  "link.products.charges" : "Cargos / Sanciones",
  "link.admin.users" : "Usuarios",
  "link.admin.organisation" : "Organización",
  "link.admin.system" : "System",
  "link.profile" : "Perfil",
  "link.settings" : "Configuración",
  "link.logout" : "cerrar sesión",
  "app lebels end" :"-----------------------------------------------------",		
  "app erros start" :"----------------------------------------------------",		




  "app erros end" :"------------------------------------------------------"

}
