{
  "app lebels start" :"----------------------------------------------------",		
  "label.systemid": "Identificador do sistema :",
  "label.loanofficer" : "Oficial de empréstimo :",

  "label.change.language" : "Mudar o idioma:",
  "label.username" : "Nome de Usuário",
  "label.password" : "Senha",
  "label.signin":"Iniciar Sessão",
  "label.systemid": "Id sistema :",
  "label.loanofficer" : "oficial de empréstimo :",
  "label.product.name" : "Open Billing System",
  "label.product.version" : "versão 1.6.3",
  "label.product.status" : "OBS é até à data",
  "label.product.aboutus1" : "OBS é projetado por ",
  "label.product.aboutus2" : "comunidade global",
  "label.product.aboutus3" : "trabalhando juntos por mais pobres, especialmente as mulheres, o acesso a serviços financeiros.",
  "label.get.involved1" : "Parece interessante?",
  "label.get.involved2" : "participe!",
  "label.community.name" : "COSM",
  "label.resources" : "Resources",
  "label.usermanual" : "Manual do usuário",
  "label.functional.spec" : "Especificação funcional",
  "label.faq" : "FAQ",
  "label.community" : "Comunidade",
  "label.users.group" : "Grupo de usuários",
  "label.developer.group" : "Grupo desenvolvedor",
  "label.product.irc" : "IRC",
  "label.product.news" : "Notícias e Próximos eventos",
  "error.login.failed":"Por favor, tente mais uma vez, suas credenciais não são válidas",

  "link.home" : "Casa",
  "link.tasks" : "Tarefas",
  "link.clients" : "Clientes",
  "link.accounting": "Contabilidade",
  "link.reports" : "Relatórios",
  "link.products" : "Produtos",
  "link.admin" : "Admin",
  "link.clients.clients" : "Clientes",
  "link.clients.groups" : "Grupos",
  "link.clients.centers" : "Centros",
  "link.reports.all" : "Tudo",
  "link.reports.clients" : "Clientes",
  "link.reports.loans" : "Empréstimos",
  "link.reports.funds" : "Fundos",
  "link.reports.accounting" : "Contabilidade",
  "link.products.loanproducts" : "Empréstimo produtos",
  "link.products.savingproducts" : "Economia produtos",
  "link.products.productsmix" : "Mix de produtos",
  "link.products.charges" : "Encargos/Penalidades",
  "link.admin.users" : "Usuários",
  "link.admin.organisation" : "Organização",
  "link.admin.system" : "Sistema",
  "link.profile" : "Perfil",
  "link.settings" : "Configurações",
  "link.logout" : "Sair",
  "app lebels end" :"-----------------------------------------------------",		
  "app erros start" :"----------------------------------------------------",		




  "app erros end" :"------------------------------------------------------"

}
