{
    "@metadata": {
        "authors": [
            "Shirayuki"
        ]
    },
    "label.username": "{{Identical|Username}}",
    "label.password": "{{Identical|Password}}",
    "label.signin": "{{Identical|Sign in}}",
    "label.heading.paymenttype": "{{Identical|Payment type}}",
    "label.heading.fundsource": "{{Identical|Fund source}}",
    "label.charges": "{{Identical|Charge}}",
    "label.collaterals": "{{Identical|Collateral}}",
    "table.heading.currentstatus": "{{Identical|Current status}}",
    "table.heading.status": "{{Identical|Status}}",
    "tab.general": "{{Identical|General}}",
    "tab.heading.client.documents": "{{Identical|Document}}",
    "tab.templates": "{{Identical|Template}}",
    "label.charge": "{{Identical|Charge}}",
    "label.loan.account.paymentTypeId": "{{Identical|Payment type}}",
    "table.heading.fees.or.penalties": "{{Identical|Fee/Penalty}}",
    "table.heading.calculation.type": "{{Identical|Calculation type}}",
    "label.status": "{{Identical|Status}}",
    "tab.summary": "{{Identical|Summary}}",
    "tab.accountdetail": "{{Identical|Detail}}",
    "tab.repaymentschedule": "{{Identical|Schedule}}",
    "tab.loancollaterals": "{{Identical|Collateral}}",
    "tab.charges": "{{Identical|Charge}}",
    "tab.notes": "{{Identical|Note}}",
    "table.heading.penalities": "{{Identical|Penalty}}",
    "table.heading.paymenttype": "{{Identical|Payment type}}",
    "table.heading.fundsource": "{{Identical|Fund source}}",
    "table.heading.penalty": "{{Identical|Penalty}}",
    "label.fundsource": "{{Identical|Fund source}}",
    "table.heading.accname": "{{Identical|Account name}}",
    "table.heading.glcode": "{{Identical|GL code}}",
    "table.heading.acctype": "{{Identical|Account type}}",
    "table.heading.disabled": "{{Identical|Disabled}}",
    "label.accountname": "{{Identical|Account name}}",
    "label.glcode": "{{Identical|GL code}}",
    "label.accounttype": "{{Identical|Account type}}",
    "table.heading.reportname": "{{Identical|Report name}}",
    "table.heading.reporttype": "{{Identical|Report type}}",
    "table.heading.reportcategory": "{{Identical|Report category}}",
    "table.heading.parameter": "{{Identical|Parameter}}",
    "table.heading.corereport": "{{Identical|Core report}}",
    "table.heading.usereport": "{{Identical|Use report}}",
    "label.reportname": "{{Identical|Report name}}",
    "label.reporttype": "{{Identical|Report type}}",
    "label.reportcategory": "{{Identical|Report category}}",
    "label.corereport": "{{Identical|Core report}}",
    "label.usereport": "{{Identical|Use report}}",
    "label.saving.account.paymentTypeId": "{{Identical|Payment type}}",
    "table.heading.feeorpenalty": "{{Identical|Fee/Penalty}}",
    "table.heading.calculationtype": "{{Identical|Calculation type}}",
    "label.transferred.account": "{{Identical|Account type}}",
    "label.transaction.payment.type": "{{Identical|Payment type}}",
    "label.view.schedule": "{{Identical|Schedule}}",
    "label.list.active": "{{Identical|Active}}",
    "label.list.penalty": "{{Identical|Penalty}}",
    "label.penalty": "{{Identical|Penalty}}"
}