{
  "titles" :"----------------------------------------------------",
 	"title.obs.selfcare"				     : "OBS SelfCare",
 	"title.selfcare"						 : "Thor Telecom SelfCare",
 	"title.thankyou"						 : "Thank you for registering!",
 	"title.conformation.registration" 		 : "A conformation mail has been sent to your mailId.",
 	"title.conformation.email"               : "Please login to your email account and",
 	"title.conformation.activation.link"     : "Click on the Activation Link to complete the registration.",
 	"title.conformation.alreadyregistration" : "Client is already Registered with this mailId.",
 	"title.login.msg" 						 : "Please Login..!",
 	"title.password.changed" 				 : "Password changed successfully...",
 	"title.fill.alldetails" 				 : "Please fill all Details..",
 	"title.account.active" 					 : "Your Account is now Active.You may now ",
 	"title.account.activated.signin" 		 : "Your Account is Already in Active.You may now ",
 	"title.account.activated" 				 : "Now Your Account is Activated.",
 	"title.account.activated.userpwd" 		 : "Username and Password has sent to your mailID.",
 	"title.verify.emailid" 					 : "An email has sent to your mailID.Please verify then Sign In..",
 	"title.fill.emailid" 					 : "Please fill Email Field/Invalid Email..",
 	"title.redirecting" 					 : "Redirecting Please Wait...",
 	"title.msg.firsttimeregistration" 		 : "If you are signing in for the first time please register your email by clicking SIGN-UP button",
 	
 	
 "#buttons"  : "--------------------------",
 	"btn.signin"  				: "Sign In",
 	"btn.signup"				: "Sign Up",
 	"btn.firsttime.signup"		: "First time.. Sign Up",
 	"btn.login"					: "Login",
 	"btn.register"				: "Register",
 	"btn.done"					: "Done",
 	"btn.cancel"				: "Cancel",
 	"btn.save"					: "Save",
 	"btn.make.payment"		    : "Make Payment",
 	"btn.subscribe"		   		: "Subscribe",
 	"btn.previous"		   		: "Previous",
 	"btn.next"		   			: "Next",
 	"btn.renewal"		   		: "Renewal",
 	"btn.change.plan"		   	: "Change Plan",
 	"btn.disconnect"		   	: "Disconnect",
 	"btn.checkout"		   		: "Check Out",
 	"btn.dalpay"		   		: "Dalpay",
 	"btn.proceed"		   		: "Proceed",
 	"btn.ok"			   		: "OK",
 	"btn.submit"				: "Submit",
 	
 "#labels"  :  "--------------------------",
 	"label.product.name" 		: "OBS",
 	"label.product.version" 	: "Version 2.0.1",
 	"label.product.status" 		: "OBS is upto date",
 	"label.product.aboutus1" 	: "Designed by ",
 	"label.community.name" 		: "OBS Team",
 	"label.signin"  			: "Sign In",
 	"label.signup"				: "Sign Up",
 	"label.form.login"			: "Login Form",
 	"label.form.registration"	: "Registration From",
 	"label.pleasewait"			: "Please Wait..",
 	"label.registration.page"	: "Registration Page",
 	"label.registration.confirmation.page"	: "Registration Confirmation Page",
 	"label.customer.name"	  	: "Customer Name",
 	"label.mobilephone"	  		: "Mobile Phone",
 	"label.email"	  			: "Email",
 	"label.password" 			: "Password",
 	"label.forgot.password" 	: "Forgot Password?",
 	"label.not.auser" 			: "Not a  user? ",
 	"label.already.auser" 		: "Already a user please ",
 	"label.profile" 			: "Profile",
 	"label.additionalplans" 	: "Additional Orders",
 	"label.vod" 			    : "VOD",
 	"label.contracts" 			: "Contracts",
 	"label.statements"	 		: "Statements",
 	"label.bill.statements"	 	: "Bills & Payments",
 	"label.cancel.statement"	: "Cancel Statement",
 	"label.confirm.msg"			: "Are You Sure?",
 	"label.payments"	 		: "Payments",
 	"label.tickets"	 			: "Tickets",
 	"label.change.password"	 	: "Change Password",
 	"label.signout"	 			: "Log Out",
 	"label.emailid"	 			: "Email ID",
 	"label.confirm"				: "Confirm",
 	"label.contract.error"		: "Errors:",
 	"label.payment.page"		: "Payment Page",
 	"label.subscription.page"	: "Subscription Page",
 	"label.dalpay"		     	: "Dalpay",
 	"label.book.order"		    : "Book",
 	"label.device"				: "Device",
 	"label.zipcode"				: "Zipcode",
 	"label.home.postcode"		: "Home Postcode",
 	"label.nationalid"			: "National ID",
 	"label.order.info"			: "Order Information",
 	"label.listofvods"			: "List Of VODs",
 	"label.ondemands"			: "On Demands",
 	"label.serialnumber"	    : "Serial Number",
 	"label.macid"			    : "Mac Id",
 	"label.msg.noprice"		    : "Price Not Defined...",
 	"label.duration"		    : "Duration",
 	"label.select.payment.gateway"		   : "Select your Payment Gateway ",
 	"label.notselect.payment.gateway"	   : "Sorry..Not available any Payment Gateway",
 	"label.atleast.one.payment.gateway"	   : "Please Configure at least one Payment Gateway",
 	"table.header.statement.dueamount"		: "Due Amount", 
 	"label.services"			: "Services", 
 	"label.heading.or"			: "OR", 
 	"label.webtv"				: "Web Tv", 
 	"label.password"			: "Password", 
 	
 	"label.signup.newuser"			   			: "Signup new user ",
 	"label.or"			   						: " - or - ",
 	"label.login.existuser"			   			: " Login",
 	"label.registered.customer"			   		: "Registered Customer",
 	"label.new.customer"				   		: "New Customer",
 	"label.registered.customer.pleaselogin" 	: "If you are a registered customer please log in",
 	"label.new.customer.enteremail"			 	: "New Customer needs to enter email address and ",
 	"label.customer.email.gettingdetails"		: "will get mail with further information",
 	
 	"#headers " : "------------------------------------",
 	"header.forgot.password" 		 : "Forgot Password",
 	"header.registation" 		 	 : "Registration",
 	"header.package.selection" 		 : "Package Selection",
 	"header.payment" 		 	 	 : "Payment",
 	"header.package.name" 		 	 : "Package Name",
 	"header.plan.name"		 		 : "Plan Name",
 	"header.contract.period" 		 : "Contract Period",
 	"header.price" 					 : "Price",
 	"header.packages" 				 : "Packages",
 	"header.current.plan" 			 : "Current Plan",
 	"header.change.plan" 			 : "Change Plan",
 	"header.action"				 	 : "Action",
 	"header.actions"			 	 : "Actions",
 	
 	"#errors " : "------------------------------------",
 	"error.login.failed"						:"Please try again, your credentials are not valid",
 	"error.msg.selfcare.emailid.not.found" 		: "Email Id Not Found",
 	"validation.msg.ticketmaster.description.exceeds.max.length" : "Description exceeds Max length",
 	"validation.msg.client.closureReasonId.cannot.be.blank" : "Closure Reason cannot be blank",
 	"error.msg.permission.code.invalid" 			: "Permission Denied",
 	"error.msg.client.duplicate.externalId" : "Given National id already exists",
 	
 	"#links " : "------------------------------------",
 	"link.gmail.account"		 :  "Gmail Account",
 	"link.register" 			 :  "Register",
 	"link.renewal.order" 		 :  "Renewal Order",
 	"symbol.price" 			 	 :  "$",
 	"link.tickets" 			 	 :  "Tickets",
 	"link.orders" 			 	 :  "Orders",
 	"link.payments" 			 :  "Payments",
 	"link.statements" 			 :  "Statements",
 	"link.viewstatement" 		 :  "View Statement",
 	"label.download.statement" 	 :  "Download Statement",
 	"link.vod" 			 		 :  "VOD",
 	"link.profile" 			 	 :  "Profile",
 	"link.address" 			 	 :  "Address",
 	"link.listofvods" 			 :  "List Of VODS",
 	"link.vod.add.event" 		 :  "Add Event",
 	
 	"#place holders " : "------------------------------------",
 	"placeholder.enter.device"				: "ex: 1A:1B:1C:1D:1E:1F",
 	"placeholder.enter.zipcode"				: "Enter Zipcode",
 	"placeholder.enter.postcode"			: "Enter Postcode",
 	"placeholder.enter.address"				: "Enter Address",
 	"placeholder.filter.order"				: "Filter by Order No",
 	"placeholder.filter.payment"			: "Filter by Transaction Id",
 	"placeholder.filter.statement"			: "Filter by Id",
 	"placeholder.filter.ticket"				: "Filter by Id",
 	"placeholder.filter.vod"				: "Search Movie Name",
 	"placeholder.enter.nationalid"			: "Enter NationalID",
 	"placeholder.enter.nationalid.example"	: "ex: 0404121234",
 	"placeholder.filter.listofvods"			: "Filter by Id",
 	"placeholder.enter.serialnumber"		: "Enter Serial Number",
 	"placeholder.enter.text.search"			: "Enter text to search",
 	
 	
 	"#common labels " : "------------------------------------",
 	"label.home.page"				: "This is the Start Page...",
 	"label.select"					: "Select",
 	"label.city"					: "City",
 	"label.address"					: "Address",
 	"label.home.address"			: "Home Address",
 	"label.new.password"			: "New Password",
 	"label.confirm.password"		: "Confirm Password",
 	"dialog.confirm.message"		: "Are you sure?",
 	"label.client.status"			: "Status",
 	"label.client.balance"			: "Balance",
 	"label.telephone.number"		: "Telephone Number",
 	"label.pattern"					: "Pattern :",
 	"hint.nationaid.pattern"		: "ddmmyy 4 digits",
 	"label.change.language" 		: "Change language ",
 	"label.korta"					: "Korta",
 	"label.thor.token"				: "Token",
 	"label.heading.language"		: "Language",
 	"label.payment.gateway"			: "Payment Gateway",
 	"label.add.kota.Info"			: "Korta Information",
	"label.amount"					: "Amount",
	"label.currency"				: "Currency",
	"label.description"				: "Text",
	"label.do.action"				: "Pay Method",
	"label.state/province"			: "State/Province",
	"label.country"					: "Country",
	"label.settings" 				: "Settings",
	"label.change.dateformat"		: "Change Date Format",
	"label.user.settings"			: "User Settings",
	"label.change.dateformat"	 	: "Change Date Format",
	"label.html"	 				: "HTML",
	"label.pdf"	 					: "PDF",
	"label.statement.transactions"	: "Transactions",
	"label.statement.transactiontype"	: "Transaction Type",
	"label.receiptpage"				: "Receipt Page",
 	
 	"#form validations errors " : "------------------------------------",
 	"form.error.alphanumeric"		     : "alphanumeric and spaces only!",
 	"form.error.name.characters.atleast" : "Name is required at least 3 characters",
 	"form.error.number.digits.atleast"   : "at least minimum 7 digits accepts..",
 	"form.error.number.digits.maximum"   : "maximum 15 digits accepts..",
 	"form.error.number"		    		 : "accepts only digits !",
 	"form.error.password.match"		   	 : "Password did not Match !",
 	"form.error.nationalid.pattern"		 : "Pattern did not match..!",
 	"form.error.device.invalid"			 : "Invalid Device ..!",
 	"form.error.macid.invalid"			 : "This Mac Id doesn't exist..!",
 	"form.error.serialnumber.invalid"	 : "This Serial Number doesn't exist..!",
 	
 	
 	"#TicketResources "	 :"------------------------------------",
	  "label.creatticket"					: "Create New Ticket",
	  "label.ticket.date"					: "Ticket Date",
	  "label.ticket.priority"				: "Priority",
	  "label.ticket.category"				: "Category",
	  "label.source"						: "Source",
	  "label.ticket.assignto"				: "AssignTo",
	  "label.due.time"						: "Due Time",
	  "label.ticket.description"			: "Description" ,
	  "label.ticket.tooltip.description"	: "Please provide as much detail as possible so we can best assist you." ,
	  "label.ticket.add.newticket"			: "Add New Ticket",
	  
	  
	  "table.header.ticket.id"				: "Id",
	  "table.header.ticket.priority"		: "Priority",
	  "table.header.ticket.date"			: "Date",
	  "table.header.ticket.problemCode"		: "ProblemCode",
	  "table.header.ticket.priority"		: "Priority",
	  "table.header.ticket.status"			: "Status",
	  "table.header.ticket.assignto"		: "AssignTo",
	  "table.header.ticket.lastcomment"		: "LastComment",
	  
	  
	 "#OrderResources "	 :"------------------------------------",
	 "table.header.orderno" 				: "Order No",
	 "table.header.plan" 					: "Plan",
	 "table.header.contractperoid" 			: "Contract Period",
	 "table.header.activationdate" 			: "Activation Date",
	 "table.header.start/renewaldate" 		: "Start/Renewal Date",
	 "table.header.enddate" 				: "End Date",
	 "table.header.price" 					: "Price",
	 "table.header.status" 					: "Status",
	 
	 "lable.order.info"						: "Order Information",
	 "label.order.orderId"					: "Order No",
	 "label.order.contractperiod"			: "Contract Period",
	 "label.order.startdate"				: "Start Date",
	 "label.order.ordertype"				: "Order Type",
	 "label.order.billingcycle"				: "Billing Cycle",
	 "label.plan.planname"					: "Plan Name",
	 "label.order.status"					: "Status",
	 "label.order.endDate"					: "End Date",
	 "label.order.useraction"				: "User Action",
	 "label.order.invoicetilldate"			: "Invoice TillDate",
	 "dialog.reconnect.title.message"		: "Reconnect",
	 "label.disconnectorder"				: "Disconnect Order",
	 "label.order.disconnectionDate"		: "Disconnection Date",
	 "label.order.disconnectionreason"		: "Disconnection Reason",
	 
	 
	  "#ListofVODSResources "	 :"------------------------------------",
	 "table.header.listvod.id" 				: "Id",
	 "table.header.listvod.eventname" 		: "Event Name",
	 "table.header.listvod.bookeddate" 		: "Booked Date",
	 "table.header.listvod.chargecode" 		: "Charge Code",
	 "table.header.listvod.eventprice" 		: "Event Price",
	 "table.header.listvod.status" 			: "Status",
	 
	 
	 "label.vod.add.event" 					: "Add Event",
	 
	 
	 "#PaymentResources "	 :"------------------------------------",
	 "table.header.payment.transactionid" 				: "Transaction Id",
	 "table.header.payment.transactiondate" 			: "Transaction Date",
	 "table.header.payment.transactiontype" 			: "Transaction Type",
	 "table.header.payment.transactioncategory" 		: "Transaction Category",
	 "table.header.payment.creditamount" 				: "Credit Amount",
	 "table.header.payment.debitamount" 				: "Debit Amount",
	 
	 
	 "#StatementResources "	 :"------------------------------------",
	 "table.header.statement.id" 					: "Id",
	 "table.header.statement.billdate" 				: "Bill Date",
	 "table.header.statement.duedate" 				: "Due Date",
	 "table.header.statement.amount" 				: "Amount",
	 
	 "#VodResources "	 :"------------------------------------",
	 "table.header.vod.eventname" 				: "Event Name",
	 "table.header.vod.name" 					: "Name",
	 "table.header.vod.type" 					: "Type",
	 "table.header.vod.rating" 					: "Rating",
	 "table.header.vod.quality" 				: "Quality",
	 "table.header.vod.price" 					: "Price",
	 "table.header.vod.select" 					: "Select",
	 "label.amount.total" 						: "Total",
	 

	 "label.vod.event.conformation" 			: "Event Conformation",
	 
	 "#ProfileResources "	 :"------------------------------------",
	 "table.header.profile.accountNumber" 				: "Account Number",
	 "table.header.profile.customername" 				: "Customer Name",
	 "table.header.profile.createddate" 				: "Created Date",
	 "table.header.profile.mobilenumber" 				: "Mobile Phone",
	 "table.header.profile.telephonenumber" 			: "Telephone Number",
	 "table.header.profile.email" 						: "Email",
	 "table.header.profile.nationalid" 					: "National ID",
	 "table.header.profile.authpin" 					: "Auth Pin",
	 "table.header.profile.address" 					: "Address",
	 "table.header.profile.city"	 					: "City",
	 "table.header.profile.state" 						: "State",
	 "table.header.profile.country" 					: "Country",
	 "table.header.profile.zipcode" 					: "Zipcode",
	 
	 "#KortaResources "	 :"------------------------------------",
	 "label.agree"										: "I agree to",
	 "label.Terms.Conditions"							: "Terms and Conditions",
	 "label.change.kortatoken"							: "Change Korta Token",
	 "label.terms.condition.url"						: "https://netgreidslur.korta.is/testing/?page=samples&lang=en",
	 
	 "#paymentGatewayConfig" :"------------------------------------",
     "label.paypal"					: "Paypal",
	 "label.globalpay"				: "GlobalPay",
	 "label.globalpay.name"			: "Names",
	 "label.globalpay.amount"		: "Amount",
	 "label.globalpay.email"		: "Email Address",
	 "label.globalpay.phone"	    : "Phone Number",
	 "label.add.globalpay.Info"		: "GlobalPay Information",
	 
	 "#Registration errors ":"-----------------------------------",
	 "validation.msg.activationprocess.device.cannot.be.blank"		: "Mac Id field cannot be blank",
	 
 "# common errors ":"....",
  "validation.msg.office.name.cannot.be.blank":"Office Name cannot be blank",
  "error.msg.not.authorized":"Insufficient privileges to perform this action.",
  
  
  "#address":".........",
  "error.msg.billing.address.city.not.found":"City Not Found",
  
  "error.msg.currency.duplicate.configuration":"Currency is already configured",

  "#Admin users":"",
  "validation.msg.user.username.cannot.be.blank":"User Name cannot be blank",
  "validation.msg.user.firstname.cannot.be.blank":"First Name cannot be blank",
  "validation.msg.user.lastname.cannot.be.blank":"Last Name cannot be blank",
  "validation.msg.user.email.cannot.be.blank":"Email cannot be blank",
  "error.msg.client.duplicate.login":"Login name is already exist",
  "validation.msg.user.roles.cannot.be.empty":"Please select atleast one role",
  "error.msg.user.email.invalid":"Email address is invalid",
  "validation.msg.user.repeatPassword.not.equal.to.password":"Password and repeat password do not match.",
  "error.msg.close.active.plans.found.for.client.close":"Client cannot be closed because of Active plans.",
  
  "#Job Parameters":".....",
  "validation.msg.schedulerjob.Username.cannot.be.blank":"Username cannot be blank",
  "validation.msg.schedulerjob.Password.cannot.be.blank":"Password cannot be blank",
  "validation.msg.schedulerjob.URL.cannot.be.blank":"Url cannot be blank",
  
  "error.msg.clientIdentifier.type.duplicate":"Already exists with this document type",
  "validation.msg.client.firstname.cannot.be.blank":"First name cannot be blank",
  "validation.msg.client.lastname.cannot.be.blank":"Last name cannot be blank",

  "validation.msg.report.reportName.cannot.be.blank":"Report name cannot be blank",
  "validation.msg.report.reportSql.must.be.provided.when.reportType.is.Table":"Sql field cannot be blank",

  "error.delete.failed":"System defined code values cannot be deleted",

  "#Reports Related":"...................",
  "label.error": "Error",
   "error.message.report.parameter.required":"The parameter `{{params[0].value}}` is required",

   "#Contract":"....",
  "validation.msg.subscriptoins.subscriptionPeriod.cannot.be.blank":"Subscription Period cannot be blank",
  "validation.msg.subscriptoins.units.cannot.be.blank":"Units cannot be blank",
  
  "#Plan":"......",
  "validation.msg.plan.startDate.cannot.be.blank":"Start Date cannot be blank",
  "validation.msg.plan.services.cannot.be.empty":"Please select atleast one service",
    
  "#Price":".......",
  "validation.msg.price.chargeCode.cannot.be.blank":"Charge Code cannot be blank",
  "validation.msg.price.discountId.cannot.be.blank":"Please select discount",
  "validation.msg.price.chargevariant.cannot.be.blank":"Charge Variant cannot be blank",
  "validation.msg.price.priceregion.cannot.be.blank":"Price Region Cannot be blank",
  "validation.msg.invalid.integer.format":"Invalid Integer format",
  "validation.msg.chargecode.billFrequencyCode.cannot.be.blank":"BillingFrequency cannot be blank",
  
  "#Inventory":"......",
  "validation.msg.item.chargeCode.cannot.be.blank":"Charge Code cannot be blank",
  "validation.msg.item.itemClass.cannot.be.blank":"Item Class cannot be blank",
  "validation.msg.item.itemCode.cannot.be.blank":"Item Code cannot be blank",
  "validation.msg.item.units.cannot.be.blank":"Units cannot be blank",
  "validation.msg.invalid.decimal.format":"Invalid numeric value",
  
  "#Import":"........",
  "error.msg.document.file.too.big":"File is too big",
  "error.msg.file.duplicate.name":"File is already exist with this name",
  "validation.msg.UploadStatus.description.cannot.be.blank":"Description Cannot be blank",
  "validation.msg.UploadStatus.fileName.cannot.be.blank":"File name Cannot be blank",
  
  "validation.msg.order.suspensionReason.cannot.be.blank":"Please Select Suspension Reason",
  "validation.msg.order.suspensionDescription.cannot.be.blank":"Description can not be blank",
  "validation.msg.order.paytermCode.cannot.be.blank":"Please Select Billing frequency",
  "error.msg.billing.order.not.found":"No Orders found for Invoice",
  "error.msg.associate.hardware.for.reconnect":"Please associate the hardware in order to reconnect",
  "retrack.already.done":"Please wait for 60 minutes, from previous retrack",
  "validation.msg.order.contractPeriod.cannot.be.blank":"Please Select Contract Period",
  "error.msg.request.sent.for.activation":"Order is already sent for Activation ",
  "error.msg.billing.order.startdate.greater.than.exist.orderendate ":"Start Date must be greater than exist Order EndDate",
  
  "#Discounts":"....",
  "validation.msg.discount.discountCode.cannot.be.blank":"DiscountCode cannot be blank",
 "validation.msg.discount.discountDescription.cannot.be.blank":"Discount Description cannot be blank",
 "validation.msg.discount.discountType.cannot.be.blank":"DiscountType cannot be blank",
 "validation.msg.discount.discountRate.cannot.be.blank":"DiscountRate cannot be blank",
 "validation.msg.discount.status.cannot.be.blank":"Status cannot be blank",
 "validation.msg.discount.startDate.cannot.be.blank":"StartDate cannot be blank",
  
  "#Regions":"....",
  "validation.msg.countrycurrency.country.cannot.be.blank":"Country cannot be blank",
 "validation.msg.countrycurrency.currency.cannot.be.blank":"Currency cannot be blank",
 "validation.msg.countrycurrency.status.cannot.be.blank":"Status cannot be blank",
 
  "#Payments":"...........",
  "validation.msg.adjustment.adjustment_code.cannot.be.blank":"Adjustment Code Cannot be blank",
  "validation.msg.payment.receiptNo.cannot.be.blank":"Receipt Number cannot be blank",
  "validation.msg.payment.paymentCode.cannot.be.blank":"Please Select Payment Type",
  "validation.msg.adjustment.adjustment_code.cannot.be.blan":"Adjustment Code cannot be blank",
  "validation.msg.adjustment.adjustment_type.cannot.be.blank":"Adjustment Type cannot be blank",
  "error.msg.payments.duplicate.receiptNo":"Receipt is Already exist with this number",
  "error.msg.billing.active.plans.found":"Active Plans are Paired with this device",
  "error.msg.close.active.plans.found.for.hardWare":"Active Plans are Paired with this device",
  
   "#service ":"....",
  "validation.msg.service.status.cannot.be.blank":"Status cannot be blank ",
  
   "#statement":"....",
   "error.msg.no.bills.to.generate":"No bills to generate",
   "error.msg.no.generate.pdf.file.for.this.statement":"Please first generate pdf file for this statement",
   "error.msg.no.emailId.is.available":"EmailId is not available for this client",
   
    "#messageResources":"....",
  "validation.msg.message.messageType.cannot.be.blank":"Please select message type",
  
  "#EventResources":"....",
  "validation.msg.eventorder.deviceId.cannot.be.blank":"Device Id cannot be blank",
  "validation.msg.eventorder.eventId.cannot.be.blank":"Event cannot be blank",
  "validation.msg.eventorder.formatType.cannot.be.blank":"Format Type cannot be blank",
  "validation.msg.eventorder.optType.cannot.be.blank":"Opt Type cannot be blank",
  "error.msg.movie.price.not.found":"No Price Found for This Client Type",
  "error.msg.insufficient.amount.amount":"Insufficient Amount to Book The Order",
  
  
  
  
  
  "#chargecode":"....",
  "validation.msg.chargecode.chargeType.cannot.be.blank":"Please select Charge Type",
  "validation.msg.chargecode.durationType.cannot.be.blank":"Please Select Duration Type",
  "error.msg.chargecode.duplicate.name":"Charge Code already exist with this name",
  
  
  "#taxmapping":"....",
  "validation.msg.taxmap.type.cannot.be.blank":"Please select Tax type",
  
  "#Grn":"...",
  "validation.msg.null.fromOffice.cannot.be.blank":"Please Select Form Office",
  "validation.msg.null.toOffice.cannot.be.blank":"Please select To Office", 
  "validation.msg.null.orderdQuantity.cannot.be.blank":"OrderQuantity cannot be blank",
  "validation.msg.null.itemDescription.cannot.be.blank":"Item cannot be blank",
  "validation.msg.null.mrnId.cannot.be.blank":"Please select Mrn Id",
  "validation.msg.null.itemId.cannot.be.blank":"Please select Item Id",
  "validation.msg.grn-allocation.purchaseNo.cannot.be.blank":"purchaseNo cannot be blank",
  
  "#Supplier":".....",
  "validation.msg.null.supplierCode.cannot.be.blank":"Suppler Code cannot be blank",
  "validation.msg.null.supplierDescription.cannot.be.blank":"Supplier Description cannot be blank",
  "validation.msg.null.supplierAddress.cannot.be.blank":"Supplier Address cannot be blank",
  "validation.error.msg.inventory.supplier.duplicate.entry":"Supplier Code already exist",
  
   "#OnetimeSale":"......",
  "validation.msg.onetimesale.discountId.cannot.be.blank":"Please Select Discount",
  "validation.msg.onetimesale.quantity.not.greater.than.zero":"Quantity cannot be less then one",
  "validation.msg.onetimesale.saleType.cannot.be.blank":"Please Select Sale Type",
  "validation.msg.onetimesale.officeId.cannot.be.blank":"office Id cannot be blank",
  "validation.msg.onetimesale.contractPeriod.cannot.be.blank":"Please Select Contract Period",
 
  "#EventPriceResources":"....",
  "validation.msg.eventPricing.priority.cannot.be.blank":"Event Price cannot be blank",
  "validation.msg.eventPricing.clientType.cannot.be.blank":"Please select Client Type",
  "validation.msg.eventPricing.formatType.cannot.be.blank":"Please select format type",
  "validation.msg.eventPricing.optType.cannot.be.blank":"Please select opt type type",
  
  	"#inventory":"...",
	"validation.msg.grn-allocation.supplierId.cannot.be.blank":"Supplier Code cannot be blank",
	"validation.msg.grn-allocation.orderdQuantity.cannot.be.blank":"Ordered Quantity cannot be blank",
	"validation.msg.grn-allocation.itemMasterId.cannot.be.blank":"Item Code cannot be blank",
	"validation.msg.grn-allocation.officeId.cannot.be.blank":"Office Id cannot be blank",
	"validation.msg.grn-allocation.purchaseDate.cannot.be.blank":"Purchase Date cannot be blank",
	"validation.msg.item.itemMasterId.cannot.be.blank":"Item Description cannot be blank",
	"validation.msg.item.remarks.cannot.be.blank":"Remarks cannot be blank",
	"validation.msg.item.serialNumber.cannot.be.blank":"Serial Number cannot be blank",
	"validation.msg.item.provisioningSerialNumber.cannot.be.blank":"Provisioning Serial Number cannot be blank",
	"validation.msg.item.grnId.cannot.be.blank":"Grn Id cannot be blank",
	"validation.msg.item.grnOrderdQuantity":"No more items left with this GRN Id",
	"validation.msg.item.warranty.exceeds.max.length":"Warranty exceeds max length",
	"error.msg.item.code.duplicate.name":"Item Code already exist",
	"validation.msg.item.no.such.grnId":"GRN Id does not Exist !",
	"validation.error.msg.inventory.item.duplicate.serialNumber":"Item Details with SerialNumber already exists",
	"validation.error.msg.grnid":"Grn ID does not exist",
	"validation.error.msg.itemdetails ":" Item details already Exist",
	"validation.msg.null.fromOffice.same.as.toOffice":"Cannot transfer Items to same office",
	"validation.msg.null.toOffice.same.as.fromOffice":"Cannot transfer Items to same office",
	
	"#ownedhardware":"...",
	"validation.msg.null.serialNumber.cannot.be.blank":"Serial Number cannot be blank.",
	"validation.msg.null.provisioningSerialNumber.cannot.be.blank":"Provisioning Serial number cannot be blank.",
	"validation.error.msg.ownedhardware.duplicate.serialNumber":"Given serial number already exist for this client.",
	"validation.msg.null.itemType.cannot.be.blank":"Select a item type.",
	"validation.msg.null.allocationDate.cannot.be.blank":"Allocation date cannot be blank.",
	
	"#prospect":"...",
	"validation.msg.client.prospect.assignedTo.cannot.be.blank":"Assign cannot be blank",
	"validation.msg.client.prospect.callStatus.cannot.be.blank":"Call Status cannot be blank",
	"validation.msg.client.prospect.notes.cannot.be.blank":"Note cannot be blank",
	"validation.msg.client.prospect.preferredCallingTime.cannot.be.blank ":"Next Calling time cannot be blank",
	"validation.msg.client.prospect.firstName.cannot.be.blank":"First Name cannot be blank",
	"validation.msg.client.prospect.lastName.cannot.be.blank":"Last Name cannot be blank",
	"invalid.date.and.time.format":"Invalid Date Time Format",
	"validation.msg.client.prospect.address.cannot.be.blank":"Address cannot be blank",
	"validation.msg.client.prospect.streetArea.cannot.be.blank":"Street/Area cannot be blank",
	"validation.msg.client.prospect.cityDistrict.cannot.be.blank":"City/District cannot be blank",
	"validation.msg.client.prospect.state.cannot.be.blank":"State cannot be blank",
	"validation.msg.client.prospect.country.cannot.be.blank":"Country cannot be blank",
	"validation.msg.client.prospect.zipCode.cannot.be.blank ":"Zip Code cannot be blank",
	"validation.msg.client.prospect.email.cannot.be.blank":"Email Id cannot be blank",
	"validation.msg.client.prospect.mobileNumber.cannot.be.blank":"Mobile Phone cannot be blank",
	"validation.msg.client.prospect.prospectType.cannot.be.blank":"Type cannot be blank",
	"validation.msg.client.prospect.note.exceeds.max.length":"Note should not exceed more then 255 Character's",
	
	"#onetimesale":"...",
	"validation.msg.onetimesale.itemId.cannot.be.blank":"Item Code cannot be blank",
	"validation.msg.onetimesale.chargeCode.cannot.be.blank":"Charge Code cannot be blank",
	"validation.msg.onetimesale.unitPrice.cannot.be.blank":"Unit Price cannot be blank",
	"validation.msg.onetimesale.totalPrice.cannot.be.blank":"Total Price cannot be blank",
	"validation.msg.onetimesale.quantity.cannot.be.blank":"Quantity cannot be blank",
	
	
	"#item":"...",
	"validation.msg.onetimesales.quantity.cannot.be.blank":"Quantity cannot be blank",
	"validation.msg.onetimesales.itemId.cannot.be.blank":"Please select the Item",
	"validation.msg.item.itemDescription.cannot.be.blank":"Item Description cannot be blank",
	"validation.msg.item.unitPrice.cannot.be.blank":"Unit Price cannot be blank",
	"validation.msg.item.warranty.cannot.be.blank":"Warranty cannot be blank",
	"validation.msg.item.chargeCode.cannot.be.blank":"Charge Code cannot be blank",
	"validation.msg.item.itemClass.cannot.be.blank":"Item Class cannot be blank",
	"validation.msg.item.itemCode.cannot.be.blank":"Item Code cannot be blank",
	"validation.msg.item.units.cannot.be.blank":"Units cannot be blank",
	"validation.msg.mediaasset.mediaTitle.cannot.be.blank":"Titile cannot be blank",
	"error.msg.itemdetails.serialnumber.not.found":"Invalid Serialnumber",
 "#media details":"...", 	 
 "validation.msg.mediaasset.mediatype.cannot.be.blank":"Please select MediaType",
 "validation.msg.mediaasset.catageoryId.cannot.be.blank":"Please select Category",
 "validation.msg.mediaasset.mediaImage.cannot.be.blank":"Image cannot be blank",
 "validation.msg.mediaasset.duration.cannot.be.blank":"Duration cannot be blank",
 "validation.msg.mediaasset.genre.cannot.be.blank":"Genre cannot be blank",
 "validation.msg.mediaasset.contentProvider.cannot.be.blank":"Please select Content Provider",
 "validation.msg.mediaasset.releaseDate.cannot.be.blank":"Release Date cannot be blank",
 "validation.msg.mediaasset.rated.cannot.be.blank":"Rated cannot be blank",
 "validation.msg.mediaasset.mediaRating.cannot.be.blank":"Rating cannot be blank",
 "validation.msg.mediaasset.status.cannot.be.blank":"Please select Status",
 "validation.msg.mediaasset.mediaassetAttributes.not.greater.than.zero":"Please Add atleast One Media Attributes",
 "validation.msg.mediaasset.mediaAssetLocations.not.greater.than.zero":"Please Add atleast One Media Location",
 "validation.msg.mediaasset.attributeName.cannot.be.blank":"Attribute Name  cannot be blank",
 "validation.msg.mediaasset.attributevalue.cannot.be.blank":"Attribute Value cannot be blank",
 "validation.msg.mediaasset.attributeNickname.cannot.be.blank":"NickName Cannot be blank",
 "validation.msg.mediaasset.attributeImage.cannot.be.blank":"Image cannot be blank",
 "validation.msg.mediaasset.languageId.cannot.be.blank":"Language Id cannot be blank",
 "validation.msg.mediaasset.formatType.cannot.be.blank":"Please select Format Type",
 "validation.msg.mediaasset.location.cannot.be.blank":"Location Cannot be blank",
 "validation.msg.mediaasset.cpShareValue.cannot.be.blank":"Share Value Cannot be blank",
 "validation.msg.mediaasset.subject.cannot.be.blank":"Subject Cannot be blank",
 
 
 "validation.msg.message.templateDescription.cannot.be.blank":"TemplateDescription cannot be blank",
 "validation.msg.message.subject.cannot.be.blank":"subject cannot be blank",
 "validation.msg.message.header.cannot.be.blank":"header cannot be blank",
 "validation.msg.message.body.cannot.be.blank":"body cannot be blank",
 "validation.msg.message.footer.cannot.be.blank":"footer cannot be blank",


 "validation.msg.region.regionCode.cannot.be.blank":"Region Code cannot be blank",
 "validation.msg.region.countryId.cannot.be.blank":"Please Select Country",
 "validation.msg.region.regionName.cannot.be.blank":"Region Name cannot be blank",
 "validation.msg.region.states.cannot.be.empty":"Please Select atleast one State",
 "error.msg.country.region.already.exist":"Country with this region already exist",
 
 
"validation.msg.randomGenerator.batchName.cannot.be.blank":"Batch Name cannot be blank",
"validation.msg.randomGenerator.batchDescription.cannot.be.blank":"Batch Description cannot be blank",
"validation.msg.randomGenerator.length.cannot.be.blank":"Length Of Pin cannot be blank",
"validation.msg.randomGenerator.beginWith.cannot.be.blank":"Begin With cannot be blank",
"validation.msg.randomGenerator.pinExtention.cannot.be.blank":"pinExtention cannot be blank",
"validation.msg.randomGenerator.pinCategory.cannot.be.blank":"Pin Category cannot be blank", 
"validation.msg.randomGenerator.quantity.cannot.be.blank":"Quantity cannot be blank",
"validation.msg.randomGenerator.serialNo.cannot.be.blank":"Serial No Length BeginsWith cannot be blank",
"validation.msg.randomGenerator.pinValue.cannot.be.blank":"Pin Value  cannot be blank",
"validation.msg.randomGenerator.expiryDate.cannot.be.blank":"ExpiryDate cannot be blank", 
"validation.msg.randomGenerator.pinType.cannot.be.blank":"PinType cannot be blank", 
"validation.msg.randomGenerator.productValue.cannot.be.blank":"Please select plan",
"error.msg.code.duplicate.batchname":"BatchName is already existed with {0}",
 
 
"validation.msg.ticketmaster.description.cannot.be.blank":"Description cannot be blank",
"validation.msg.ticketmaster.assignedTo.cannot.be.blank":"AssignedTo cannot be blank",
"validation.msg.ticketmaster.priority.cannot.be.blank":"Priority cannot be blank",
"validation.msg.ticketmaster.problemCode.cannot.be.blank":"Category cannot be blank",
"validation.msg.ticketmaster.status.cannot.be.blank":"Status cannot be blank",
"validation.msg.ticketmaster.resolutionDescription.cannot.be.blank":"Resolution cannot be blank",
"invalid.date.format":"Invalid Date",

"validation.msg.adjustment.amount_paid.cannot.be.blank":"Adjustment amount cannot be blank",


"validation.msg.payment.amountPaid.cannot.be.blank":"Amount Paid cannot be blank",
"validation.msg.payment.chequeNo.cannot.be.blank":"Check No cannot be blank",
"validation.msg.payment.chequeDate.cannot.be.blank":"Cheque Date cannot be blank",
"validation.msg.payment.bankName.cannot.be.blank":"Bank Name cannot be blank",
"validation.msg.payment.branchName.cannot.be.blank":"Branch Name cannot be blank",
"validation.msg.payment.receiptNo.cannot.be.blank ":"Receipt No cannot be blank",
"validation.msg.payment.amountPaid.cannot.be.blank":"Amount field cannot be blank",


"validation.msg.onetimesale.itemId.cannot.be.blank":"Item Code cannot be blank",
"validation.msg.onetimesale.chargeCode.cannot.be.blank":"Charge Code cannot be blank",
"validation.msg.onetimesale.unitPrice.cannot.be.blank":"Unit Price cannot be blank",
"validation.msg.onetimesale.totalPrice.cannot.be.blank":"Total Price cannot be blank",
"validation.msg.onetimesale.quantity.cannot.be.blank":"Quantity cannot be blank",

"validation.msg.null.serialNumber.cannot.be.blank":"Serial Number cannot be blank",
"validation.msg.null.provisioningSerialNumber.cannot.be.blank":"Provisioning Serial number cannot be blank",
"validation.error.msg.ownedhardware.duplicate.serialNumber":"Given serial number already exist in item details",
"validation.msg.null.itemType.cannot.be.blank":"Select a item type",
"validation.msg.null.allocationDate.cannot.be.blank":"Allocation date cannot be blank",



"validation.msg.client.prospect.zipCode.value..is.not.valid.zip.code":"Invalid zip code",
"validation.msg.client.prospect.mobileNumber.value..is.not.valid.contact.number":"Invalid mobile number",
"validation.msg.client.prospect.homePhoneNumber.value..is.not.valid.contact.number":"Invalid home contact number",
"validation.msg.client.prospect.workPhoneNumber.value..is.not.valid.contact.number":"Invalid office contact number",

"validation.msg.client.prospect.assignedTo.cannot.be.blank":"Assign cannot be blank",
"validation.msg.client.prospect.callStatus.cannot.be.blank":"Call Status cannot be blank",
"validation.msg.client.prospect.notes.cannot.be.blank":"Note cannot be blank",
"validation.msg.client.prospect.preferredCallingTime.cannot.be.blank ":"Next Calling time cannot be blank",
"validation.msg.client.prospect.firstName.cannot.be.blank":"First Name cannot be blank",
"validation.msg.client.prospect.lastName.cannot.be.blank":"Last Name cannot be blank",
"invalid.date.and.time.format":"Invalid Date Time Format",
"validation.msg.client.prospect.address.cannot.be.blank":"Address cannot be blank",
"validation.msg.client.prospect.streetArea.cannot.be.blank":"Street/Area cannot be blank",
"validation.msg.client.prospect.cityDistrict.cannot.be.blank":"City/District cannot be blank",
"validation.msg.client.prospect.state.cannot.be.blank":"State cannot be blank",
"validation.msg.client.prospect.country.cannot.be.blank":"Country cannot be blank",
"validation.msg.client.prospect.zipCode.cannot.be.blank":"Zip Code cannot be blank",
"validation.msg.client.prospect.email.cannot.be.blank":"Email Id cannot be blank",
"validation.msg.client.prospect.mobileNumber.cannot.be.blank":"Mobile Phone cannot be blank",
"validation.msg.client.prospect.note.cannot.be.blank":"Note cannot be blank",
"validation.msg.client.prospect.homePhoneNumber.cannot.be.blank":"Home Phone cannot be blank",
"validation.msg.client.prospect.workPhoneNumber.cannot.be.blank":"Office Phone cannot be blank",

 

  "validation.msg.price.price.cannot.be.blank":"price cannot be blank",
  "event.is.already.exists.with.format":"Event Price is already exist with format type {0}",
 "validation.msg.eventmaster.eventName.cannot.be.blank":"Event Name cannot be blank",
 "validation.msg.eventmaster.eventStartDate.cannot.be.blank":"Event Description cannot be blank",
 "validation.msg.eventmaster.eventValidity.cannot.be.blank":"Event Validity cannot be blank",
 "validation.msg.eventmaster.services.cannot.be.empty":"Please select atleast one media",
 "validation.msg.eventmaster.status.cannot.be.blank":"Please select status",
 "validation.msg.eventmaster.chargeCode.cannot.be.blank":"Event Code cannot be blank",
 
 
 "validation.msg.plan.services.cannot.be.blank":"Please select atleast one service",
"validation.msg.plan.planCode.cannot.be.blank":"Please select the planCode",
"validation.msg.plan.startDate.cannot.be.blank ":"Start date cannot be blank",
"validation.msg.plan.services.cannot.be.empty ":"Please select atleast one service",
"validation.msg.plan.duration.cannot.be.blank":"Duration cannot be blank",
"validation.msg.plan.volume.cannot.be.blank":"Volume cannot be blank",
"validation.msg.plan.units.cannot.be.blank":"Units cannot be blank",
"plan.is.already.exists.with.charge.code":"Price is already exist with same charge code",
"validation.msg.plan.provisioingSystem.cannot.be.blank":"Provisioning System cannot be blank",
"validation.msg.plan.status.cannot.be.blank":"Plan Status cannot be blank",
"validation.msg.plan.planDescription.cannot.be.blank":"Plan Description cannot be blank",
"validation.msg.plan.billRule.cannot.be.blank":"Billing Rule cannot be blank",


"validation.msg.order.planCode.cannot.be.blank":"Please Select the Plan",
"validation.msg.order.paytermCode.cannot.be.blank ":"Billing Frequency cannot be blank",
"error.msg.no.active.price.available.for.this.plan":"No Active Prices Are Available For This Plan",
"validation.msg.order.renewalPeriod.cannot.be.blank":"Please Select the Renewal Period",
"validation.msg.order.disconnectReason.cannot.be.blank":"Please Select the reason for disconnect",


"validation.msg.subscriptoins.subscriptionPeriod.cannot.be.blank":"Subscription Period cannot be blank",
"validation.msg.subscriptoins.units.cannot.be.blank":"Units cannot be blank",

"validation.msg.subscriptoins.subscriptionType.cannot.be.blank":"Please select Subscription type",
"validation.msg.staff.firstname.cannot.be.blank":"First name cannot be blank",
"validation.msg.staff.lastname.cannot.be.blank":"Last name cannot be blank",


"validation.msg.service.serviceUnitType.cannot.be.blank":"Service Unit Type cannot be blank",
"validation.msg.service.serviceCode.cannot.be.blank":"Service Code cannot be blank",
"validation.msg.service.serviceDescription.cannot.be.blank":"Service Description cannot be blank",
"validation.msg.service.serviceType.cannot.be.blank":"Service Type cannot be blank",
"error.msg.code.duplicate.name":"Service is already existed with Service Code",

 "validation.msg.invoice.systemDate.cannot.be.blank":"Processing date cannot be blank",
 "validation.msg.billmaster.dueDate.cannot.be.blank":"DueDate cannot be blank",

 "validation.msg.client.addressNo.cannot.be.blank":"Address field cannot be blank",
 "validation.msg.client.street.cannot.be.blank":"Street cannot be blank",
 "validation.msg.client.city.cannot.be.blank":"City cannot be blank",
 "validation.msg.client.state.cannot.be.blank":"State cannot be blank",
 "validation.msg.client.country.cannot.be.blank":"Country cannot be blank",
 "validation.msg.client.zipCode.cannot.be.blank":"ZipCode cannot be blank",
 "validation.msg.client.phone.cannot.be.blank":"Phone Number cannot be blank",
 "validation.msg.client.email.cannot.be.blank":"Email cannot be blank",
 "validation.msg.client.phone.exceeds.max.length":"Invalid phone Number",
 "validation.msg.client.login.cannot.be.blank":"Login cannot be blank",
 "validation.msg.client.password.cannot.be.blank":"Password cannot be blank",
 "error.msg.client.duplicate.email":"Client with this email already exists",
 "error.msg.regional.price.not.found":"No Regional Price found for this plan",

 "error.msg.select.atleast.one.schedule.job":"Please select SheduleJobs to run",
 "validation.msg.schedulerjob.displayName.cannot.be.blank":"Display cannot be blank",
 "validation.msg.schedulerjob.jobName.cannot.be.blank":"Please select Job",
 "validation.msg.schedulerjob.cronExpression.cannot.be.blank":"CronExpression cannot be blank",
 "error.msg.job.initialization.failed":"Job initialization failed",

 "validation.msg.null.batchType.exceeds.max.length":"Batch Type exceeds maximum length, must be of 1 character only",
 "validation.msg.null.status.exceeds.max.length":"Status exceeds maximum length, must be of 1 character only",
 "validation.msg.null.batchType.cannot.be.blank":"Batch Type cannot be blank",
 "validation.msg.null.status.cannot.be.blank":"Status cannot be blank",
 "validation.msg.null.batchName.not.zero.or.greater":"Select Batch name",
 "validation.msg.null.process.not.zero.or.greater":"Select Process type",

 "validation.msg.null.scheduleType.exceeds.max.length":"Schedule Type exceeds maximum length, must be of 1 character only",
 "validation.msg.null.scheduleType.not.zero.or.greater":"Select a Schedule Type",
 "validation.msg.null.scheduleTime.cannot.be.blank":"Enter Schedule Time",
 "validation.msg.null.msgTemplateDescription.not.zero.or.greater":"Select Message Template",
 "validation.msg.null.scheduleType.is.not.one.of.expected.enumerations":"This feature is not available",

 "validation.msg.taxmap.chargeCode.not.zero.or.greater":"Missing Chargecode",
 "validation.msg.chargecode.billFrequencyCode.not.zero.or.greater":"Missing Bill Frequency Code",
 "validation.msg.chargecode.chargeType.not.zero.or.greater":"Missing Charge Type",
 "validation.msg.chargecode.durationType.not.zero.or.greater":"Missing Duration Type",
 "validation.msg.taxmap.type.not.zero.or.greater":"Missing Type",
 "validation.msg.taxmap.taxCode.cannot.be.blank":"Tax Code Cannot be blank",
 "validation.msg.taxmap.rate.cannot.be.blank":"Tax Rate cannot be blank", 
 "validation.msg.chargecode.chargeCode.cannot.be.blank":"Charge Code cannot be blank",
 "validation.msg.chargecode.chargeDescription.cannot.be.blank":"Charge Code Description cannot be blank",
 "validation.msg.chargecode.chargeDuration.cannot.be.blank":"Charge Duration cannot be blank",
 "validation.error.message.chargecode.duplicate.chargecode":"Charge Code Already Exist",

 "#Mapping Configuration":"..........",
  "validation.msg.ServiceMapping.serviceId.cannot.be.blank":"Service Code cannot be blank",
  "validation.msg.ServiceMapping.serviceIdentification.cannot.be.blank":"Service Identification cannot be blank",
  "validation.msg.ServiceMapping.status.cannot.be.blank":"Status cannot be blank",
  "validation.msg.ServiceMapping.image.cannot.be.blank":"Image cannot be blank", 
  "validation.msg.planmappig.planCode.cannot.be.blank":"Plan Code cannot be blank",
  "validation.msg.planmappig.itemCode.cannot.be.blank":"Item Code cannot be blank",
  "error.msg.service.mapping.duplicate":"Mapping has already done with this service",
  
  "#HardWareMapping":"...........",
  "error.msg.item.code.already.configured":"HardWare is Already Configured with this plan",
  "error.msg.configuration.duplicate.name":"HardWare is Already Configured with this plan",
  
 "#Association":"...........",
 "validation.msg.association.planId.cannot.be.blank":"Please select Plan",
 "validation.msg.association.orderId.cannot.be.blank":"Please select Order",
 "validation.msg.association.serialNo.cannot.be.blank":"Please select Serial Number",	
  
"#ProvisioningCommands":"...",
"validation.msg.order.message.exceeds.max.length":"message length not exceeds 160 characters",
"validation.msg.onetimesale.unitPrice.not.greater.than.zero":"Quantity must be greater than zero",


"#userChat":".............",
"label.heading.usernotification":"User Notification",
"validation.msg.userchat.userName.cannot.be.blank":"User Name cannot be blank",
"validation.msg.userchat.message.cannot.be.blank":"Message cannot be blank",
"validation.msg.userchat.messageDate.cannot.be.blank":"System Date cannot be blank",


"#EventAction Mapping":"...",
"error.msg.event.name.already.configured":"Event Name Already configured with this Action",

"#PaymentGatewayCommands":"...",
"validation.msg.paymentgateway.remarks.cannot.be.blank":"Remarks cannot be blank",
"validation.msg.paymentgateway.status.cannot.be.blank":"Please select Status",
"validation.msg.message.body.exceeds.max.length":"message length not exceeds 160 characters",
"error.message.paymenttypeval.required" : "Please Select Payment Type",
"error.message.amountval.required" : "Amount cannot be blank",
"error.message.receiptNo.required" : "Receipt Number cannot be blank",
"error.message.futuredate.required" : "Future dated transactions are not allowed",
"error.msg.receipt.no.duplicate.exception" : "Receipt Number is Already Exist",

"validation.msg.promotioncodes.promotioncode.cannot.be.blank" : "Promotion Code cannot be blank",
"validation.msg.promotioncodes.description.cannot.be.blank" : "Promotion Description cannot be blank",
"validation.msg.promotioncodes.durationtype.cannot.be.blank" : "Duration Type cannot be blank",
"validation.msg.promotioncodes.duration.cannot.be.blank" : "Duration cannot be blank",
"validation.msg.promotioncodes.discounttype.cannot.be.blank" : "Discount Type cannot be blank",
"validation.msg.promotioncodes.discountRate.cannot.be.blank" : "Discount Rate cannot be blank",

"#IpPooling Details":"....",
"validation.msg.null.ipPoolDescription.cannot.be.blank":"Ip pool description can not be blank",
"validation.msg.null.ipAddress.cannot.be.blank":"Ip Address can not be blank",

"office payments,adjustments":"...........",
"validation.msg.officepayment.receiptNo.cannot.be.blank":"Receipt No can not be blank",
"validation.msg.officepayment.paymentCode.cannot.be.blank":"Payment Type can not be blank",
"validation.msg.officepayment.amountPaid.cannot.be.blank":" Amount can not be blank",
"validation.msg.officeadjustment.adjustment_code.cannot.be.blank":" Adjustment Code can not be blank",
"validation.msg.officeadjustment.amount_paid.cannot.be.blank":"Adjustment Amount can not be blank",
"error.msg.officePayment_receiptNo.duplicate.name":"Receipt Number is Already Exist",
"error.msg.ipaddress.not.available.to.assign":"Ip Address is not available to assign",
"error.msg.ipaddress.already.allocated.please.select.another.iprange":"Ip addresses are already allocated.please select another ip range",
"validation.msg.provisioning.IP_ADDRESS.cannot.be.empty":"Ip Address can not br blank",
"validation.msg.null.statusType.cannot.be.blank":"Status Type cannot be blank",

"#Redemption":".......",
"validation.msg.redemption.clientId.cannot.be.blank":"Client id cannot be blank",
"validation.msg.redemption.pinNumber.cannot.be.blank":"Pin Number cannot be blank",
"error.msg.client.id.invalid":"Invalid Client Id",

"#Add CreditCard":".....",

"validation.msg.groupsdetails.groupName.cannot.be.blank":"Group Name can not be blank",
"validation.msg.groupsdetails.groupAddress.cannot.be.blank":"Group Address can not be blank",
"validation.msg.groupsdetails.attribute1.cannot.be.blank":"1.Field can not be blank",
"validation.msg.groupsdetails.attribute2.cannot.be.blank":"2.Field can not be blank",
"validation.msg.groupsdetails.attribute3.cannot.be.blank":"3.Field can not be blank",
"validation.msg.groupsdetails.attribute4.cannot.be.blank":"4.Field can not be blank",

"#Provising It":"",
 "validation.msg.provisioning.serviceName.cannot.be.blank":"Please Select Service Name",
 "validation.msg.provisioning.GROUP_NAME.cannot.be.blank":"Group Name cannot be blank",
 "validation.msg.provisioning.IP_ADDRESS.cannot.be.blank":"Ip Address cannot be blank",
 "validation.msg.provisioning.SERVICE.cannot.be.blank":"Service cannot be blank",
 "validation.msg.provisioning.VLAN_ID.cannot.be.blank":"Please Select VLAN",
 "error.msg.duplicate.ipaddresses.are.not allow.to.assign":"Duplicate ip's are not allow to assign",
 
 "#Billing Modes":"",
 "validation.msg.billMode.billMode.cannot.be.blank":"Bill Modes cannot be blank",
 
 "#Manage tables":"",
 "error.msg.click.on.add.to.add.columns": "Click on '+' to add columns",
 "validation.msg.datatable.datatableName.cannot.be.blank":"Data tablename cannot be blank",
 "validation.msg.datatable.apptableName.cannot.be.blank":"Application tablename cannot be blank",
 "error.msg.column.mandatory": "Mandatory field not provided.",


"#Validations of PlanMapping":".........",
"validation.msg.planmapping.status.cannot.be.blank":"Status cannot be blank",
"validation.msg.planmapping.planIdentification.cannot.be.blank":"Plan Identification cannot be blank",
"validation.msg.planmapping.planId.cannot.be.blank":"Plan Code cannot be blank",

"#Mcodes":"",
"validation.msg.code.name.cannot.be.blank":"Name cannot be blank",

"#client&parent":"",
"error.msg.client.Not parent.himself.can.not.be.parent.to his.account":"Himself can not be parent to his account",
"error.msg.client.Not Parent.he.is. already. a parent.to.some other clients":"He is already a parent to some other clients",
"error.msg.client.Not Parent.can.not.be.parent.to this.account":"Can not be parent to this account",

"label.paymentgateway.receiptNo"		: "Transaction Reference",
"label.paymentgateway.amount"			: "Paid Amount",
"label.paymentgateway.description"		: "Description",
"label.paymentgateway.result"			: "Result",
"label.paymentgateway.paymentId"		: "Payment Id",

"#paymentGatewayConfig":"",
"label.paypal":"Paypal",
"label.globalpay":"GlobalPay",
"label.globalpay.name":"Names",
"label.globalpay.amount":"Amount",
"label.globalpay.email":"Email Address",
"label.globalpay.phone":"Phone Number",
"label.add.globalpay.Info":"GlobalPay Information",
"dialog.korta.title.message":"Alert Information",
"dialog.korta.alert.message":"Dear Customer, You should Register your Card Details In Korta Payment Gateway System before Using this Service.",
"validation.msg.paymentgateway.verificationCode.length.error":"Please enter valid VerificationCode",
"validation.msg.paymentgateway.value.cannot.be.blank":"Value cannot be blank"









 	
	
  	
  	
  
}
